/* sprdata_rle.c -- RLE mode-8 sprite data for blit_rle_m8.
 *
 * Generated by tools/build_sprites.py.  Do not hand-edit the arrays;
 * change the converter and re-run it.
 *
 * M3 flying chopper set: same frames as sprdata.c, even/odd pre-shifts,
 * encoded per DESIGN.md section 6:
 *
 *   row := { skip_bytes, run_bytes, data[run_bytes] } ... 0x00 0x00
 *
 * skip_bytes advances the dest (transparent).  run_bytes >= 2 is a fully
 * opaque run (REP MOVSB).  run_bytes == 1 is one byte, possibly a mixed
 * nibble edge.  Trailing transparency is implicit.  Index 0 transparent,
 * 15 body, 7 topside, 15 rotor.
 *
 * Side-view and head-on/rotating frames also have horizontally flipped
 * even/odd RLE (_fe / _fo) so a nose-left body is blit_rle_m8, not a
 * per-present unpack or mirror.
 *
 * M10 sheared main-rotor frames (3 ink x 11 tilt x flip, even/odd) follow
 * the pointer tables.  Packed sprdata.c does not get those arrays.
 */
/* chopperSide_00: Apple 32x18 -> PCjr 18x18 even / 20x18 odd; coverage-OR X.
 *   .+................
 *   +=........+.......
 *   ==.......+=+......
 *   ==+...+++===......
 *   ===+..======......
 *   .===++.=====+.....
 *   .=====+======+....
 *   ..===========.++..
 *   ...==========..=+.
 *   .....=======....=.
 *   ...++=======+...=.
 *   ...====.=====++..+
 *   ....===+.======+.=
 *   ......==+==.====+=
 *   .......====+..====
 *   .........===+.....
 *   ...........==++++.
 *   ............====..
 */
unsigned char chopper_side_00_e[] = {
    18, 18,  /* width_px, height_px; rest is RLE rows */
    0x00, 0x01, 0x07, 0x00, 0x00, 0x00, 0x01, 0x7F, 0x04, 0x01, 0x70, 0x00,
    0x00, 0x00, 0x01, 0xFF, 0x03, 0x01, 0x07, 0x00, 0x01, 0xF7, 0x00, 0x00,
    0x00, 0x01, 0xFF, 0x00, 0x01, 0x70, 0x01, 0x03, 0x77, 0x7F, 0xFF, 0x00,
    0x00, 0x00, 0x02, 0xFF, 0xF7, 0x01, 0x03, 0xFF, 0xFF, 0xFF, 0x00, 0x00,
    0x00, 0x01, 0x0F, 0x00, 0x02, 0xFF, 0x77, 0x00, 0x01, 0x0F, 0x00, 0x02,
    0xFF, 0xFF, 0x00, 0x01, 0x70, 0x00, 0x00, 0x00, 0x01, 0x0F, 0x00, 0x06,
    0xFF, 0xFF, 0x7F, 0xFF, 0xFF, 0xF7, 0x00, 0x00, 0x01, 0x05, 0xFF, 0xFF,
    0xFF, 0xFF, 0xFF, 0x00, 0x01, 0xF0, 0x00, 0x01, 0x77, 0x00, 0x00, 0x01,
    0x01, 0x0F, 0x00, 0x04, 0xFF, 0xFF, 0xFF, 0xFF, 0x00, 0x01, 0xF0, 0x00,
    0x01, 0x0F, 0x00, 0x01, 0x70, 0x00, 0x00, 0x02, 0x01, 0x0F, 0x00, 0x03,
    0xFF, 0xFF, 0xFF, 0x02, 0x01, 0xF0, 0x00, 0x00, 0x01, 0x01, 0x07, 0x00,
    0x04, 0x7F, 0xFF, 0xFF, 0xFF, 0x00, 0x01, 0x70, 0x01, 0x01, 0xF0, 0x00,
    0x00, 0x01, 0x01, 0x0F, 0x00, 0x01, 0xFF, 0x00, 0x01, 0xF0, 0x00, 0x03,
    0xFF, 0xFF, 0xF7, 0x00, 0x01, 0x70, 0x00, 0x01, 0x07, 0x00, 0x00, 0x02,
    0x02, 0xFF, 0xF7, 0x00, 0x01, 0x0F, 0x00, 0x03, 0xFF, 0xFF, 0xF7, 0x00,
    0x01, 0x0F, 0x00, 0x00, 0x03, 0x02, 0xFF, 0x7F, 0x00, 0x01, 0xF0, 0x00,
    0x03, 0xFF, 0xFF, 0x7F, 0x00, 0x00, 0x03, 0x01, 0x0F, 0x00, 0x02, 0xFF,
    0xF7, 0x01, 0x02, 0xFF, 0xFF, 0x00, 0x00, 0x04, 0x01, 0x0F, 0x00, 0x01,
    0xFF, 0x00, 0x01, 0x70, 0x00, 0x00, 0x05, 0x01, 0x0F, 0x00, 0x02, 0xF7,
    0x77, 0x00, 0x01, 0x70, 0x00, 0x00, 0x06, 0x02, 0xFF, 0xFF, 0x00, 0x00,
};

unsigned char chopper_side_00_o[] = {
    20, 18,  /* width_px, height_px; rest is RLE rows */
    0x01, 0x01, 0x70, 0x00, 0x00, 0x00, 0x01, 0x07, 0x00, 0x01, 0xF0, 0x03,
    0x01, 0x07, 0x00, 0x00, 0x00, 0x01, 0x0F, 0x00, 0x01, 0xF0, 0x03, 0x01,
    0x7F, 0x00, 0x01, 0x70, 0x00, 0x00, 0x00, 0x01, 0x0F, 0x00, 0x01, 0xF7,
    0x01, 0x01, 0x07, 0x00, 0x02, 0x77, 0xFF, 0x00, 0x01, 0xF0, 0x00, 0x00,
    0x00, 0x01, 0x0F, 0x00, 0x01, 0xFF, 0x00, 0x01, 0x70, 0x00, 0x01, 0x0F,
    0x00, 0x02, 0xFF, 0xFF, 0x00, 0x01, 0xF0, 0x00, 0x00, 0x01, 0x02, 0xFF,
    0xF7, 0x00, 0x01, 0x70, 0x00, 0x03, 0xFF, 0xFF, 0xF7, 0x00, 0x00, 0x01,
    0x06, 0xFF, 0xFF, 0xF7, 0xFF, 0xFF, 0xFF, 0x00, 0x01, 0x70, 0x00, 0x00,
    0x01, 0x01, 0x0F, 0x00, 0x05, 0xFF, 0xFF, 0xFF, 0xFF, 0xFF, 0x00, 0x01,
    0x07, 0x00, 0x01, 0x70, 0x00, 0x00, 0x02, 0x05, 0xFF, 0xFF, 0xFF, 0xFF,
    0xFF, 0x01, 0x01, 0xF7, 0x00, 0x00, 0x03, 0x03, 0xFF, 0xFF, 0xFF, 0x00,
    0x01, 0xF0, 0x01, 0x01, 0x0F, 0x00, 0x00, 0x02, 0x05, 0x77, 0xFF, 0xFF,
    0xFF, 0xF7, 0x01, 0x01, 0x0F, 0x00, 0x00, 0x02, 0x02, 0xFF, 0xFF, 0x00,
    0x01, 0x0F, 0x00, 0x03, 0xFF, 0xFF, 0x77, 0x01, 0x01, 0x70, 0x00, 0x00,
    0x02, 0x01, 0x0F, 0x00, 0x01, 0xFF, 0x00, 0x01, 0x70, 0x00, 0x03, 0xFF,
    0xFF, 0xFF, 0x00, 0x01, 0x70, 0x00, 0x01, 0xF0, 0x00, 0x00, 0x03, 0x01,
    0x0F, 0x00, 0x02, 0xF7, 0xFF, 0x00, 0x01, 0x0F, 0x00, 0x02, 0xFF, 0xF7,
    0x00, 0x01, 0xF0, 0x00, 0x00, 0x04, 0x02, 0xFF, 0xFF, 0x00, 0x01, 0x70,
    0x00, 0x01, 0x0F, 0x00, 0x01, 0xFF, 0x00, 0x01, 0xF0, 0x00, 0x00, 0x05,
    0x02, 0xFF, 0xF7, 0x00, 0x00, 0x06, 0x03, 0xFF, 0x77, 0x77, 0x00, 0x00,
    0x06, 0x01, 0x0F, 0x00, 0x01, 0xFF, 0x00, 0x01, 0xF0, 0x00, 0x00,
};

/* chopperSide_00 horizontally flipped; even/odd pre-shifts for blit_rle_m8. */
unsigned char chopper_side_00_fe[] = {
    18, 18,  /* width_px, height_px; rest is RLE rows */
    0x08, 0x01, 0x70, 0x00, 0x00, 0x03, 0x01, 0x07, 0x04, 0x01, 0xF7, 0x00,
    0x00, 0x03, 0x01, 0x7F, 0x00, 0x01, 0x70, 0x03, 0x01, 0xFF, 0x00, 0x00,
    0x03, 0x03, 0xFF, 0xF7, 0x77, 0x01, 0x01, 0x07, 0x00, 0x01, 0xFF, 0x00,
    0x00, 0x03, 0x03, 0xFF, 0xFF, 0xFF, 0x01, 0x02, 0x7F, 0xFF, 0x00, 0x00,
    0x02, 0x01, 0x07, 0x00, 0x02, 0xFF, 0xFF, 0x00, 0x01, 0xF0, 0x00, 0x02,
    0x77, 0xFF, 0x00, 0x01, 0xF0, 0x00, 0x00, 0x02, 0x06, 0x7F, 0xFF, 0xFF,
    0xF7, 0xFF, 0xFF, 0x00, 0x01, 0xF0, 0x00, 0x00, 0x01, 0x01, 0x77, 0x00,
    0x01, 0x0F, 0x00, 0x05, 0xFF, 0xFF, 0xFF, 0xFF, 0xFF, 0x00, 0x00, 0x00,
    0x01, 0x07, 0x00, 0x01, 0xF0, 0x00, 0x01, 0x0F, 0x00, 0x04, 0xFF, 0xFF,
    0xFF, 0xFF, 0x00, 0x01, 0xF0, 0x00, 0x00, 0x00, 0x01, 0x0F, 0x02, 0x03,
    0xFF, 0xFF, 0xFF, 0x00, 0x01, 0xF0, 0x00, 0x00, 0x00, 0x01, 0x0F, 0x01,
    0x01, 0x07, 0x00, 0x04, 0xFF, 0xFF, 0xFF, 0xF7, 0x00, 0x01, 0x70, 0x00,
    0x00, 0x00, 0x01, 0x70, 0x00, 0x01, 0x07, 0x00, 0x03, 0x7F, 0xFF, 0xFF,
    0x00, 0x01, 0x0F, 0x00, 0x01, 0xFF, 0x00, 0x01, 0xF0, 0x00, 0x00, 0x00,
    0x01, 0xF0, 0x00, 0x03, 0x7F, 0xFF, 0xFF, 0x00, 0x01, 0xF0, 0x00, 0x02,
    0x7F, 0xFF, 0x00, 0x00, 0x00, 0x03, 0xF7, 0xFF, 0xFF, 0x00, 0x01, 0x0F,
    0x00, 0x02, 0xF7, 0xFF, 0x00, 0x00, 0x00, 0x02, 0xFF, 0xFF, 0x01, 0x02,
    0x7F, 0xFF, 0x00, 0x01, 0xF0, 0x00, 0x00, 0x02, 0x01, 0x07, 0x00, 0x01,
    0xFF, 0x00, 0x01, 0xF0, 0x00, 0x00, 0x00, 0x01, 0x07, 0x00, 0x02, 0x77,
    0x7F, 0x00, 0x01, 0xF0, 0x00, 0x00, 0x01, 0x02, 0xFF, 0xFF, 0x00, 0x00,
};

unsigned char chopper_side_00_fo[] = {
    20, 18,  /* width_px, height_px; rest is RLE rows */
    0x08, 0x01, 0x07, 0x00, 0x00, 0x04, 0x01, 0x70, 0x03, 0x01, 0x0F, 0x00,
    0x01, 0x70, 0x00, 0x00, 0x03, 0x01, 0x07, 0x00, 0x01, 0xF7, 0x03, 0x01,
    0x0F, 0x00, 0x01, 0xF0, 0x00, 0x00, 0x03, 0x01, 0x0F, 0x00, 0x02, 0xFF,
    0x77, 0x00, 0x01, 0x70, 0x01, 0x01, 0x7F, 0x00, 0x01, 0xF0, 0x00, 0x00,
    0x03, 0x01, 0x0F, 0x00, 0x02, 0xFF, 0xFF, 0x00, 0x01, 0xF0, 0x00, 0x01,
    0x07, 0x00, 0x01, 0xFF, 0x00, 0x01, 0xF0, 0x00, 0x00, 0x03, 0x03, 0x7F,
    0xFF, 0xFF, 0x00, 0x01, 0x07, 0x00, 0x02, 0x7F, 0xFF, 0x00, 0x00, 0x02,
    0x01, 0x07, 0x00, 0x06, 0xFF, 0xFF, 0xFF, 0x7F, 0xFF, 0xFF, 0x00, 0x00,
    0x01, 0x01, 0x07, 0x00, 0x01, 0x70, 0x00, 0x05, 0xFF, 0xFF, 0xFF, 0xFF,
    0xFF, 0x00, 0x01, 0xF0, 0x00, 0x00, 0x01, 0x01, 0x7F, 0x01, 0x05, 0xFF,
    0xFF, 0xFF, 0xFF, 0xFF, 0x00, 0x00, 0x01, 0x01, 0xF0, 0x01, 0x01, 0x0F,
    0x00, 0x03, 0xFF, 0xFF, 0xFF, 0x00, 0x00, 0x01, 0x01, 0xF0, 0x01, 0x05,
    0x7F, 0xFF, 0xFF, 0xFF, 0x77, 0x00, 0x00, 0x00, 0x01, 0x07, 0x01, 0x03,
    0x77, 0xFF, 0xFF, 0x00, 0x01, 0xF0, 0x00, 0x02, 0xFF, 0xFF, 0x00, 0x00,
    0x00, 0x01, 0x0F, 0x00, 0x01, 0x07, 0x00, 0x03, 0xFF, 0xFF, 0xFF, 0x00,
    0x01, 0x07, 0x00, 0x01, 0xFF, 0x00, 0x01, 0xF0, 0x00, 0x00, 0x00, 0x01,
    0x0F, 0x00, 0x02, 0x7F, 0xFF, 0x00, 0x01, 0xF0, 0x00, 0x02, 0xFF, 0x7F,
    0x00, 0x01, 0xF0, 0x00, 0x00, 0x00, 0x01, 0x0F, 0x00, 0x01, 0xFF, 0x00,
    0x01, 0xF0, 0x00, 0x01, 0x07, 0x00, 0x02, 0xFF, 0xFF, 0x00, 0x00, 0x03,
    0x02, 0x7F, 0xFF, 0x00, 0x00, 0x01, 0x03, 0x77, 0x77, 0xFF, 0x00, 0x00,
    0x01, 0x01, 0x0F, 0x00, 0x01, 0xFF, 0x00, 0x01, 0xF0, 0x00, 0x00,
};

/* chopperSide_01: Apple 32x16 -> PCjr 18x16 even / 20x16 odd; coverage-OR X.
 *   .+........+.......
 *   +=.......+=+......
 *   ==....+++===......
 *   ==+...======......
 *   ===++..=====+.....
 *   .====++======++...
 *   ..===========.=++.
 *   ...==========...=.
 *   .....========...=.
 *   .....========+...+
 *   ...++==..=====++.=
 *   ...====++.======+=
 *   ......===+=...===.
 *   ........===++.....
 *   ..........===+++++
 *   ............====..
 */
unsigned char chopper_side_01_e[] = {
    18, 16,  /* width_px, height_px; rest is RLE rows */
    0x00, 0x01, 0x07, 0x04, 0x01, 0x70, 0x00, 0x00, 0x00, 0x01, 0x7F, 0x03,
    0x01, 0x07, 0x00, 0x01, 0xF7, 0x00, 0x00, 0x00, 0x01, 0xFF, 0x02, 0x03,
    0x77, 0x7F, 0xFF, 0x00, 0x00, 0x00, 0x01, 0xFF, 0x00, 0x01, 0x70, 0x01,
    0x03, 0xFF, 0xFF, 0xFF, 0x00, 0x00, 0x00, 0x02, 0xFF, 0xF7, 0x00, 0x01,
    0x70, 0x00, 0x01, 0x0F, 0x00, 0x02, 0xFF, 0xFF, 0x00, 0x01, 0x70, 0x00,
    0x00, 0x00, 0x01, 0x0F, 0x00, 0x06, 0xFF, 0xF7, 0x7F, 0xFF, 0xFF, 0xF7,
    0x00, 0x01, 0x70, 0x00, 0x00, 0x01, 0x05, 0xFF, 0xFF, 0xFF, 0xFF, 0xFF,
    0x00, 0x01, 0xF0, 0x00, 0x01, 0xF7, 0x00, 0x01, 0x70, 0x00, 0x00, 0x01,
    0x01, 0x0F, 0x00, 0x04, 0xFF, 0xFF, 0xFF, 0xFF, 0x00, 0x01, 0xF0, 0x01,
    0x01, 0xF0, 0x00, 0x00, 0x02, 0x01, 0x0F, 0x00, 0x03, 0xFF, 0xFF, 0xFF,
    0x00, 0x01, 0xF0, 0x01, 0x01, 0xF0, 0x00, 0x00, 0x02, 0x01, 0x0F, 0x00,
    0x04, 0xFF, 0xFF, 0xFF, 0xF7, 0x01, 0x01, 0x07, 0x00, 0x00, 0x01, 0x01,
    0x07, 0x00, 0x01, 0x7F, 0x00, 0x01, 0xF0, 0x00, 0x01, 0x0F, 0x00, 0x03,
    0xFF, 0xFF, 0x77, 0x00, 0x01, 0x0F, 0x00, 0x00, 0x01, 0x01, 0x0F, 0x00,
    0x02, 0xFF, 0xF7, 0x00, 0x01, 0x70, 0x00, 0x04, 0xFF, 0xFF, 0xFF, 0x7F,
    0x00, 0x00, 0x03, 0x02, 0xFF, 0xF7, 0x00, 0x01, 0xF0, 0x01, 0x01, 0xFF,
    0x00, 0x01, 0xF0, 0x00, 0x00, 0x04, 0x02, 0xFF, 0xF7, 0x00, 0x01, 0x70,
    0x00, 0x00, 0x05, 0x04, 0xFF, 0xF7, 0x77, 0x77, 0x00, 0x00, 0x06, 0x02,
    0xFF, 0xFF, 0x00, 0x00,
};

unsigned char chopper_side_01_o[] = {
    20, 16,  /* width_px, height_px; rest is RLE rows */
    0x01, 0x01, 0x70, 0x03, 0x01, 0x07, 0x00, 0x00, 0x00, 0x01, 0x07, 0x00,
    0x01, 0xF0, 0x03, 0x01, 0x7F, 0x00, 0x01, 0x70, 0x00, 0x00, 0x00, 0x01,
    0x0F, 0x00, 0x01, 0xF0, 0x01, 0x01, 0x07, 0x00, 0x02, 0x77, 0xFF, 0x00,
    0x01, 0xF0, 0x00, 0x00, 0x00, 0x01, 0x0F, 0x00, 0x01, 0xF7, 0x01, 0x01,
    0x0F, 0x00, 0x02, 0xFF, 0xFF, 0x00, 0x01, 0xF0, 0x00, 0x00, 0x00, 0x01,
    0x0F, 0x00, 0x02, 0xFF, 0x77, 0x01, 0x03, 0xFF, 0xFF, 0xF7, 0x00, 0x00,
    0x01, 0x07, 0xFF, 0xFF, 0x77, 0xFF, 0xFF, 0xFF, 0x77, 0x00, 0x00, 0x01,
    0x01, 0x0F, 0x00, 0x05, 0xFF, 0xFF, 0xFF, 0xFF, 0xFF, 0x00, 0x01, 0x0F,
    0x00, 0x01, 0x77, 0x00, 0x00, 0x02, 0x05, 0xFF, 0xFF, 0xFF, 0xFF, 0xFF,
    0x01, 0x01, 0x0F, 0x00, 0x00, 0x03, 0x04, 0xFF, 0xFF, 0xFF, 0xFF, 0x01,
    0x01, 0x0F, 0x00, 0x00, 0x03, 0x04, 0xFF, 0xFF, 0xFF, 0xFF, 0x00, 0x01,
    0x70, 0x01, 0x01, 0x70, 0x00, 0x00, 0x02, 0x02, 0x77, 0xFF, 0x01, 0x03,
    0xFF, 0xFF, 0xF7, 0x00, 0x01, 0x70, 0x00, 0x01, 0xF0, 0x00, 0x00, 0x02,
    0x03, 0xFF, 0xFF, 0x77, 0x00, 0x01, 0x0F, 0x00, 0x03, 0xFF, 0xFF, 0xF7,
    0x00, 0x01, 0xF0, 0x00, 0x00, 0x03, 0x01, 0x0F, 0x00, 0x02, 0xFF, 0x7F,
    0x01, 0x01, 0x0F, 0x00, 0x01, 0xFF, 0x00, 0x00, 0x04, 0x01, 0x0F, 0x00,
    0x02, 0xFF, 0x77, 0x00, 0x00, 0x05, 0x01, 0x0F, 0x00, 0x03, 0xFF, 0x77,
    0x77, 0x00, 0x01, 0x70, 0x00, 0x00, 0x06, 0x01, 0x0F, 0x00, 0x01, 0xFF,
    0x00, 0x01, 0xF0, 0x00, 0x00,
};

/* chopperSide_01 horizontally flipped; even/odd pre-shifts for blit_rle_m8. */
unsigned char chopper_side_01_fe[] = {
    18, 16,  /* width_px, height_px; rest is RLE rows */
    0x03, 0x01, 0x07, 0x04, 0x01, 0x70, 0x00, 0x00, 0x03, 0x01, 0x7F, 0x00,
    0x01, 0x70, 0x03, 0x01, 0xF7, 0x00, 0x00, 0x03, 0x03, 0xFF, 0xF7, 0x77,
    0x02, 0x01, 0xFF, 0x00, 0x00, 0x03, 0x03, 0xFF, 0xFF, 0xFF, 0x01, 0x01,
    0x07, 0x00, 0x01, 0xFF, 0x00, 0x00, 0x02, 0x01, 0x07, 0x00, 0x02, 0xFF,
    0xFF, 0x00, 0x01, 0xF0, 0x00, 0x01, 0x07, 0x00, 0x02, 0x7F, 0xFF, 0x00,
    0x00, 0x01, 0x01, 0x07, 0x00, 0x06, 0x7F, 0xFF, 0xFF, 0xF7, 0x7F, 0xFF,
    0x00, 0x01, 0xF0, 0x00, 0x00, 0x00, 0x01, 0x07, 0x00, 0x01, 0x7F, 0x00,
    0x01, 0x0F, 0x00, 0x05, 0xFF, 0xFF, 0xFF, 0xFF, 0xFF, 0x00, 0x00, 0x00,
    0x01, 0x0F, 0x01, 0x01, 0x0F, 0x00, 0x04, 0xFF, 0xFF, 0xFF, 0xFF, 0x00,
    0x01, 0xF0, 0x00, 0x00, 0x00, 0x01, 0x0F, 0x01, 0x01, 0x0F, 0x00, 0x03,
    0xFF, 0xFF, 0xFF, 0x00, 0x01, 0xF0, 0x00, 0x00, 0x00, 0x01, 0x70, 0x01,
    0x04, 0x7F, 0xFF, 0xFF, 0xFF, 0x00, 0x01, 0xF0, 0x00, 0x00, 0x00, 0x01,
    0xF0, 0x00, 0x03, 0x77, 0xFF, 0xFF, 0x00, 0x01, 0xF0, 0x00, 0x01, 0x0F,
    0x00, 0x01, 0xF7, 0x00, 0x01, 0x70, 0x00, 0x00, 0x00, 0x04, 0xF7, 0xFF,
    0xFF, 0xFF, 0x00, 0x01, 0x07, 0x00, 0x02, 0x7F, 0xFF, 0x00, 0x01, 0xF0,
    0x00, 0x00, 0x00, 0x01, 0x0F, 0x00, 0x01, 0xFF, 0x01, 0x01, 0x0F, 0x00,
    0x02, 0x7F, 0xFF, 0x00, 0x00, 0x02, 0x01, 0x07, 0x00, 0x02, 0x7F, 0xFF,
    0x00, 0x00, 0x00, 0x04, 0x77, 0x77, 0x7F, 0xFF, 0x00, 0x00, 0x01, 0x02,
    0xFF, 0xFF, 0x00, 0x00,
};

unsigned char chopper_side_01_fo[] = {
    20, 16,  /* width_px, height_px; rest is RLE rows */
    0x04, 0x01, 0x70, 0x03, 0x01, 0x07, 0x00, 0x00, 0x03, 0x01, 0x07, 0x00,
    0x01, 0xF7, 0x03, 0x01, 0x0F, 0x00, 0x01, 0x70, 0x00, 0x00, 0x03, 0x01,
    0x0F, 0x00, 0x02, 0xFF, 0x77, 0x00, 0x01, 0x70, 0x01, 0x01, 0x0F, 0x00,
    0x01, 0xF0, 0x00, 0x00, 0x03, 0x01, 0x0F, 0x00, 0x02, 0xFF, 0xFF, 0x00,
    0x01, 0xF0, 0x01, 0x01, 0x7F, 0x00, 0x01, 0xF0, 0x00, 0x00, 0x03, 0x03,
    0x7F, 0xFF, 0xFF, 0x01, 0x02, 0x77, 0xFF, 0x00, 0x01, 0xF0, 0x00, 0x00,
    0x02, 0x07, 0x77, 0xFF, 0xFF, 0xFF, 0x77, 0xFF, 0xFF, 0x00, 0x00, 0x01,
    0x01, 0x77, 0x00, 0x01, 0xF0, 0x00, 0x05, 0xFF, 0xFF, 0xFF, 0xFF, 0xFF,
    0x00, 0x01, 0xF0, 0x00, 0x00, 0x01, 0x01, 0xF0, 0x01, 0x05, 0xFF, 0xFF,
    0xFF, 0xFF, 0xFF, 0x00, 0x00, 0x01, 0x01, 0xF0, 0x01, 0x04, 0xFF, 0xFF,
    0xFF, 0xFF, 0x00, 0x00, 0x00, 0x01, 0x07, 0x01, 0x01, 0x07, 0x00, 0x04,
    0xFF, 0xFF, 0xFF, 0xFF, 0x00, 0x00, 0x00, 0x01, 0x0F, 0x00, 0x01, 0x07,
    0x00, 0x03, 0x7F, 0xFF, 0xFF, 0x01, 0x02, 0xFF, 0x77, 0x00, 0x00, 0x00,
    0x01, 0x0F, 0x00, 0x03, 0x7F, 0xFF, 0xFF, 0x00, 0x01, 0xF0, 0x00, 0x03,
    0x77, 0xFF, 0xFF, 0x00, 0x00, 0x01, 0x01, 0xFF, 0x00, 0x01, 0xF0, 0x01,
    0x02, 0xF7, 0xFF, 0x00, 0x01, 0xF0, 0x00, 0x00, 0x03, 0x02, 0x77, 0xFF,
    0x00, 0x01, 0xF0, 0x00, 0x00, 0x00, 0x01, 0x07, 0x00, 0x03, 0x77, 0x77,
    0xFF, 0x00, 0x01, 0xF0, 0x00, 0x00, 0x01, 0x01, 0x0F, 0x00, 0x01, 0xFF,
    0x00, 0x01, 0xF0, 0x00, 0x00,
};

/* chopperSide_02: Apple 33x15 -> PCjr 18x15 even / 20x15 odd; coverage-OR X.
 *   .+.......++.......
 *   +=.......==+......
 *   ==....+++===......
 *   ==+...======+.....
 *   .==++..======++...
 *   .====++======.=++.
 *   ..===========...=.
 *   ...==========...=.
 *   .....========+...+
 *   .....==.======+++=
 *   ...++==...========
 *   ...====+++=...===.
 *   ......=====+.....+
 *   .........===+++.+=
 *   ...........====+=.
 */
unsigned char chopper_side_02_e[] = {
    18, 15,  /* width_px, height_px; rest is RLE rows */
    0x00, 0x01, 0x07, 0x03, 0x01, 0x07, 0x00, 0x01, 0x70, 0x00, 0x00, 0x00,
    0x01, 0x7F, 0x03, 0x01, 0x0F, 0x00, 0x01, 0xF7, 0x00, 0x00, 0x00, 0x01,
    0xFF, 0x02, 0x03, 0x77, 0x7F, 0xFF, 0x00, 0x00, 0x00, 0x01, 0xFF, 0x00,
    0x01, 0x70, 0x01, 0x03, 0xFF, 0xFF, 0xFF, 0x00, 0x01, 0x70, 0x00, 0x00,
    0x00, 0x01, 0x0F, 0x00, 0x01, 0xF7, 0x00, 0x01, 0x70, 0x00, 0x01, 0x0F,
    0x00, 0x03, 0xFF, 0xFF, 0xF7, 0x00, 0x01, 0x70, 0x00, 0x00, 0x00, 0x01,
    0x0F, 0x00, 0x05, 0xFF, 0xF7, 0x7F, 0xFF, 0xFF, 0x00, 0x01, 0xF0, 0x00,
    0x01, 0xF7, 0x00, 0x01, 0x70, 0x00, 0x00, 0x01, 0x05, 0xFF, 0xFF, 0xFF,
    0xFF, 0xFF, 0x00, 0x01, 0xF0, 0x01, 0x01, 0xF0, 0x00, 0x00, 0x01, 0x01,
    0x0F, 0x00, 0x04, 0xFF, 0xFF, 0xFF, 0xFF, 0x00, 0x01, 0xF0, 0x01, 0x01,
    0xF0, 0x00, 0x00, 0x02, 0x01, 0x0F, 0x00, 0x04, 0xFF, 0xFF, 0xFF, 0xF7,
    0x01, 0x01, 0x07, 0x00, 0x00, 0x02, 0x01, 0x0F, 0x00, 0x01, 0xF0, 0x00,
    0x05, 0xFF, 0xFF, 0xFF, 0x77, 0x7F, 0x00, 0x00, 0x01, 0x01, 0x07, 0x00,
    0x01, 0x7F, 0x00, 0x01, 0xF0, 0x01, 0x04, 0xFF, 0xFF, 0xFF, 0xFF, 0x00,
    0x00, 0x01, 0x01, 0x0F, 0x00, 0x03, 0xFF, 0xF7, 0x77, 0x00, 0x01, 0xF0,
    0x01, 0x01, 0xFF, 0x00, 0x01, 0xF0, 0x00, 0x00, 0x03, 0x03, 0xFF, 0xFF,
    0xF7, 0x02, 0x01, 0x07, 0x00, 0x00, 0x04, 0x01, 0x0F, 0x00, 0x02, 0xFF,
    0x77, 0x00, 0x01, 0x70, 0x00, 0x01, 0x7F, 0x00, 0x00, 0x05, 0x01, 0x0F,
    0x00, 0x02, 0xFF, 0xF7, 0x00, 0x01, 0xF0, 0x00, 0x00,
};

unsigned char chopper_side_02_o[] = {
    20, 15,  /* width_px, height_px; rest is RLE rows */
    0x01, 0x01, 0x70, 0x03, 0x01, 0x77, 0x00, 0x00, 0x00, 0x01, 0x07, 0x00,
    0x01, 0xF0, 0x03, 0x01, 0xFF, 0x00, 0x01, 0x70, 0x00, 0x00, 0x00, 0x01,
    0x0F, 0x00, 0x01, 0xF0, 0x01, 0x01, 0x07, 0x00, 0x02, 0x77, 0xFF, 0x00,
    0x01, 0xF0, 0x00, 0x00, 0x00, 0x01, 0x0F, 0x00, 0x01, 0xF7, 0x01, 0x01,
    0x0F, 0x00, 0x03, 0xFF, 0xFF, 0xF7, 0x00, 0x00, 0x01, 0x02, 0xFF, 0x77,
    0x01, 0x04, 0xFF, 0xFF, 0xFF, 0x77, 0x00, 0x00, 0x01, 0x06, 0xFF, 0xFF,
    0x77, 0xFF, 0xFF, 0xFF, 0x00, 0x01, 0x0F, 0x00, 0x01, 0x77, 0x00, 0x00,
    0x01, 0x01, 0x0F, 0x00, 0x05, 0xFF, 0xFF, 0xFF, 0xFF, 0xFF, 0x01, 0x01,
    0x0F, 0x00, 0x00, 0x02, 0x05, 0xFF, 0xFF, 0xFF, 0xFF, 0xFF, 0x01, 0x01,
    0x0F, 0x00, 0x00, 0x03, 0x04, 0xFF, 0xFF, 0xFF, 0xFF, 0x00, 0x01, 0x70,
    0x01, 0x01, 0x70, 0x00, 0x00, 0x03, 0x01, 0xFF, 0x00, 0x01, 0x0F, 0x00,
    0x04, 0xFF, 0xFF, 0xF7, 0x77, 0x00, 0x01, 0xF0, 0x00, 0x00, 0x02, 0x02,
    0x77, 0xFF, 0x01, 0x01, 0x0F, 0x00, 0x03, 0xFF, 0xFF, 0xFF, 0x00, 0x01,
    0xF0, 0x00, 0x00, 0x02, 0x04, 0xFF, 0xFF, 0x77, 0x7F, 0x01, 0x01, 0x0F,
    0x00, 0x01, 0xFF, 0x00, 0x00, 0x03, 0x01, 0x0F, 0x00, 0x02, 0xFF, 0xFF,
    0x00, 0x01, 0x70, 0x02, 0x01, 0x70, 0x00, 0x00, 0x05, 0x03, 0xFF, 0xF7,
    0x77, 0x00, 0x01, 0x07, 0x00, 0x01, 0xF0, 0x00, 0x00, 0x06, 0x03, 0xFF,
    0xFF, 0x7F, 0x00, 0x00,
};

/* chopperSide_02 horizontally flipped; even/odd pre-shifts for blit_rle_m8. */
unsigned char chopper_side_02_fe[] = {
    18, 15,  /* width_px, height_px; rest is RLE rows */
    0x03, 0x01, 0x07, 0x00, 0x01, 0x70, 0x03, 0x01, 0x70, 0x00, 0x00, 0x03,
    0x01, 0x7F, 0x00, 0x01, 0xF0, 0x03, 0x01, 0xF7, 0x00, 0x00, 0x03, 0x03,
    0xFF, 0xF7, 0x77, 0x02, 0x01, 0xFF, 0x00, 0x00, 0x02, 0x01, 0x07, 0x00,
    0x03, 0xFF, 0xFF, 0xFF, 0x01, 0x01, 0x07, 0x00, 0x01, 0xFF, 0x00, 0x00,
    0x01, 0x01, 0x07, 0x00, 0x03, 0x7F, 0xFF, 0xFF, 0x00, 0x01, 0xF0, 0x00,
    0x01, 0x07, 0x00, 0x01, 0x7F, 0x00, 0x01, 0xF0, 0x00, 0x00, 0x00, 0x01,
    0x07, 0x00, 0x01, 0x7F, 0x00, 0x01, 0x0F, 0x00, 0x05, 0xFF, 0xFF, 0xF7,
    0x7F, 0xFF, 0x00, 0x01, 0xF0, 0x00, 0x00, 0x00, 0x01, 0x0F, 0x01, 0x01,
    0x0F, 0x00, 0x05, 0xFF, 0xFF, 0xFF, 0xFF, 0xFF, 0x00, 0x00, 0x00, 0x01,
    0x0F, 0x01, 0x01, 0x0F, 0x00, 0x04, 0xFF, 0xFF, 0xFF, 0xFF, 0x00, 0x01,
    0xF0, 0x00, 0x00, 0x00, 0x01, 0x70, 0x01, 0x04, 0x7F, 0xFF, 0xFF, 0xFF,
    0x00, 0x01, 0xF0, 0x00, 0x00, 0x00, 0x05, 0xF7, 0x77, 0xFF, 0xFF, 0xFF,
    0x00, 0x01, 0x0F, 0x00, 0x01, 0xF0, 0x00, 0x00, 0x00, 0x04, 0xFF, 0xFF,
    0xFF, 0xFF, 0x01, 0x01, 0x0F, 0x00, 0x01, 0xF7, 0x00, 0x01, 0x70, 0x00,
    0x00, 0x00, 0x01, 0x0F, 0x00, 0x01, 0xFF, 0x01, 0x01, 0x0F, 0x00, 0x03,
    0x77, 0x7F, 0xFF, 0x00, 0x01, 0xF0, 0x00, 0x00, 0x00, 0x01, 0x70, 0x02,
    0x03, 0x7F, 0xFF, 0xFF, 0x00, 0x00, 0x00, 0x01, 0xF7, 0x00, 0x01, 0x07,
    0x00, 0x02, 0x77, 0xFF, 0x00, 0x01, 0xF0, 0x00, 0x00, 0x00, 0x01, 0x0F,
    0x00, 0x02, 0x7F, 0xFF, 0x00, 0x01, 0xF0, 0x00, 0x00,
};

unsigned char chopper_side_02_fo[] = {
    20, 15,  /* width_px, height_px; rest is RLE rows */
    0x04, 0x01, 0x77, 0x03, 0x01, 0x07, 0x00, 0x00, 0x03, 0x01, 0x07, 0x00,
    0x01, 0xFF, 0x03, 0x01, 0x0F, 0x00, 0x01, 0x70, 0x00, 0x00, 0x03, 0x01,
    0x0F, 0x00, 0x02, 0xFF, 0x77, 0x00, 0x01, 0x70, 0x01, 0x01, 0x0F, 0x00,
    0x01, 0xF0, 0x00, 0x00, 0x03, 0x03, 0x7F, 0xFF, 0xFF, 0x00, 0x01, 0xF0,
    0x01, 0x01, 0x7F, 0x00, 0x01, 0xF0, 0x00, 0x00, 0x02, 0x04, 0x77, 0xFF,
    0xFF, 0xFF, 0x01, 0x02, 0x77, 0xFF, 0x00, 0x00, 0x01, 0x01, 0x77, 0x00,
    0x01, 0xF0, 0x00, 0x06, 0xFF, 0xFF, 0xFF, 0x77, 0xFF, 0xFF, 0x00, 0x00,
    0x01, 0x01, 0xF0, 0x01, 0x05, 0xFF, 0xFF, 0xFF, 0xFF, 0xFF, 0x00, 0x01,
    0xF0, 0x00, 0x00, 0x01, 0x01, 0xF0, 0x01, 0x05, 0xFF, 0xFF, 0xFF, 0xFF,
    0xFF, 0x00, 0x00, 0x00, 0x01, 0x07, 0x01, 0x01, 0x07, 0x00, 0x04, 0xFF,
    0xFF, 0xFF, 0xFF, 0x00, 0x00, 0x00, 0x01, 0x0F, 0x00, 0x04, 0x77, 0x7F,
    0xFF, 0xFF, 0x00, 0x01, 0xF0, 0x00, 0x01, 0xFF, 0x00, 0x00, 0x00, 0x01,
    0x0F, 0x00, 0x03, 0xFF, 0xFF, 0xFF, 0x00, 0x01, 0xF0, 0x01, 0x02, 0xFF,
    0x77, 0x00, 0x00, 0x01, 0x01, 0xFF, 0x00, 0x01, 0xF0, 0x01, 0x04, 0xF7,
    0x77, 0xFF, 0xFF, 0x00, 0x00, 0x00, 0x01, 0x07, 0x02, 0x01, 0x07, 0x00,
    0x02, 0xFF, 0xFF, 0x00, 0x01, 0xF0, 0x00, 0x00, 0x00, 0x01, 0x0F, 0x00,
    0x01, 0x70, 0x00, 0x03, 0x77, 0x7F, 0xFF, 0x00, 0x00, 0x01, 0x03, 0xF7,
    0xFF, 0xFF, 0x00, 0x00,
};

/* chopperSide_03: Apple 34x14 -> PCjr 20x14 even / 22x14 odd; coverage-OR X.
 *   ..........+++.......
 *   .+.......+===.......
 *   +=.....++====+......
 *   ==+....=======++....
 *   .==++...======.=+++.
 *   .====+++======....=.
 *   ..============....=.
 *   ....==========++..=+
 *   ......==========++==
 *   .......=.===========
 *   ....+++=...==.=====.
 *   ....====+++==......+
 *   .......======++++++=
 *   .............======.
 */
unsigned char chopper_side_03_e[] = {
    20, 14,  /* width_px, height_px; rest is RLE rows */
    0x05, 0x01, 0x77, 0x00, 0x01, 0x70, 0x00, 0x00, 0x00, 0x01, 0x07, 0x03,
    0x01, 0x07, 0x00, 0x01, 0xFF, 0x00, 0x01, 0xF0, 0x00, 0x00, 0x00, 0x01,
    0x7F, 0x02, 0x01, 0x07, 0x00, 0x03, 0x7F, 0xFF, 0xF7, 0x00, 0x00, 0x00,
    0x01, 0xFF, 0x00, 0x01, 0x70, 0x01, 0x01, 0x0F, 0x00, 0x04, 0xFF, 0xFF,
    0xFF, 0x77, 0x00, 0x00, 0x00, 0x01, 0x0F, 0x00, 0x01, 0xF7, 0x00, 0x01,
    0x70, 0x01, 0x03, 0xFF, 0xFF, 0xFF, 0x00, 0x01, 0x0F, 0x00, 0x01, 0x77,
    0x00, 0x01, 0x70, 0x00, 0x00, 0x00, 0x01, 0x0F, 0x00, 0x06, 0xFF, 0xF7,
    0x77, 0xFF, 0xFF, 0xFF, 0x02, 0x01, 0xF0, 0x00, 0x00, 0x01, 0x06, 0xFF,
    0xFF, 0xFF, 0xFF, 0xFF, 0xFF, 0x02, 0x01, 0xF0, 0x00, 0x00, 0x02, 0x06,
    0xFF, 0xFF, 0xFF, 0xFF, 0xFF, 0x77, 0x01, 0x01, 0xF7, 0x00, 0x00, 0x03,
    0x07, 0xFF, 0xFF, 0xFF, 0xFF, 0xFF, 0x77, 0xFF, 0x00, 0x00, 0x03, 0x01,
    0x0F, 0x00, 0x01, 0x0F, 0x00, 0x05, 0xFF, 0xFF, 0xFF, 0xFF, 0xFF, 0x00,
    0x00, 0x02, 0x02, 0x77, 0x7F, 0x01, 0x01, 0x0F, 0x00, 0x01, 0xF0, 0x00,
    0x02, 0xFF, 0xFF, 0x00, 0x01, 0xF0, 0x00, 0x00, 0x02, 0x04, 0xFF, 0xFF,
    0x77, 0x7F, 0x00, 0x01, 0xF0, 0x02, 0x01, 0x07, 0x00, 0x00, 0x03, 0x01,
    0x0F, 0x00, 0x06, 0xFF, 0xFF, 0xF7, 0x77, 0x77, 0x7F, 0x00, 0x00, 0x06,
    0x01, 0x0F, 0x00, 0x02, 0xFF, 0xFF, 0x00, 0x01, 0xF0, 0x00, 0x00,
};

unsigned char chopper_side_03_o[] = {
    22, 14,  /* width_px, height_px; rest is RLE rows */
    0x05, 0x01, 0x07, 0x00, 0x01, 0x77, 0x00, 0x00, 0x01, 0x01, 0x70, 0x03,
    0x02, 0x7F, 0xFF, 0x00, 0x00, 0x00, 0x01, 0x07, 0x00, 0x01, 0xF0, 0x02,
    0x03, 0x77, 0xFF, 0xFF, 0x00, 0x01, 0x70, 0x00, 0x00, 0x00, 0x01, 0x0F,
    0x00, 0x01, 0xF7, 0x02, 0x04, 0xFF, 0xFF, 0xFF, 0xF7, 0x00, 0x01, 0x70,
    0x00, 0x00, 0x01, 0x02, 0xFF, 0x77, 0x01, 0x01, 0x0F, 0x00, 0x02, 0xFF,
    0xFF, 0x00, 0x01, 0xF0, 0x00, 0x02, 0xF7, 0x77, 0x00, 0x00, 0x01, 0x06,
    0xFF, 0xFF, 0x77, 0x7F, 0xFF, 0xFF, 0x00, 0x01, 0xF0, 0x01, 0x01, 0x0F,
    0x00, 0x00, 0x01, 0x01, 0x0F, 0x00, 0x05, 0xFF, 0xFF, 0xFF, 0xFF, 0xFF,
    0x00, 0x01, 0xF0, 0x01, 0x01, 0x0F, 0x00, 0x00, 0x02, 0x01, 0x0F, 0x00,
    0x05, 0xFF, 0xFF, 0xFF, 0xFF, 0xF7, 0x00, 0x01, 0x70, 0x00, 0x01, 0x0F,
    0x00, 0x01, 0x70, 0x00, 0x00, 0x03, 0x01, 0x0F, 0x00, 0x06, 0xFF, 0xFF,
    0xFF, 0xFF, 0xF7, 0x7F, 0x00, 0x01, 0xF0, 0x00, 0x00, 0x04, 0x01, 0xF0,
    0x00, 0x05, 0xFF, 0xFF, 0xFF, 0xFF, 0xFF, 0x00, 0x01, 0xF0, 0x00, 0x00,
    0x02, 0x01, 0x07, 0x00, 0x01, 0x77, 0x00, 0x01, 0xF0, 0x01, 0x01, 0xFF,
    0x00, 0x01, 0x0F, 0x00, 0x02, 0xFF, 0xFF, 0x00, 0x00, 0x02, 0x01, 0x0F,
    0x00, 0x04, 0xFF, 0xF7, 0x77, 0xFF, 0x03, 0x01, 0x70, 0x00, 0x00, 0x04,
    0x06, 0xFF, 0xFF, 0xFF, 0x77, 0x77, 0x77, 0x00, 0x01, 0xF0, 0x00, 0x00,
    0x07, 0x03, 0xFF, 0xFF, 0xFF, 0x00, 0x00,
};

/* chopperSide_03 horizontally flipped; even/odd pre-shifts for blit_rle_m8. */
unsigned char chopper_side_03_fe[] = {
    20, 14,  /* width_px, height_px; rest is RLE rows */
    0x03, 0x01, 0x07, 0x00, 0x01, 0x77, 0x00, 0x00, 0x03, 0x01, 0x0F, 0x00,
    0x01, 0xFF, 0x00, 0x01, 0x70, 0x03, 0x01, 0x70, 0x00, 0x00, 0x03, 0x03,
    0x7F, 0xFF, 0xF7, 0x00, 0x01, 0x70, 0x02, 0x01, 0xF7, 0x00, 0x00, 0x02,
    0x04, 0x77, 0xFF, 0xFF, 0xFF, 0x00, 0x01, 0xF0, 0x01, 0x01, 0x07, 0x00,
    0x01, 0xFF, 0x00, 0x00, 0x00, 0x01, 0x07, 0x00, 0x01, 0x77, 0x00, 0x01,
    0xF0, 0x00, 0x03, 0xFF, 0xFF, 0xFF, 0x01, 0x01, 0x07, 0x00, 0x01, 0x7F,
    0x00, 0x01, 0xF0, 0x00, 0x00, 0x00, 0x01, 0x0F, 0x02, 0x06, 0xFF, 0xFF,
    0xFF, 0x77, 0x7F, 0xFF, 0x00, 0x01, 0xF0, 0x00, 0x00, 0x00, 0x01, 0x0F,
    0x02, 0x06, 0xFF, 0xFF, 0xFF, 0xFF, 0xFF, 0xFF, 0x00, 0x00, 0x00, 0x01,
    0x7F, 0x01, 0x06, 0x77, 0xFF, 0xFF, 0xFF, 0xFF, 0xFF, 0x00, 0x00, 0x00,
    0x07, 0xFF, 0x77, 0xFF, 0xFF, 0xFF, 0xFF, 0xFF, 0x00, 0x00, 0x00, 0x05,
    0xFF, 0xFF, 0xFF, 0xFF, 0xFF, 0x00, 0x01, 0xF0, 0x00, 0x01, 0xF0, 0x00,
    0x00, 0x00, 0x01, 0x0F, 0x00, 0x02, 0xFF, 0xFF, 0x00, 0x01, 0x0F, 0x00,
    0x01, 0xF0, 0x01, 0x02, 0xF7, 0x77, 0x00, 0x00, 0x00, 0x01, 0x70, 0x02,
    0x01, 0x0F, 0x00, 0x04, 0xF7, 0x77, 0xFF, 0xFF, 0x00, 0x00, 0x00, 0x06,
    0xF7, 0x77, 0x77, 0x7F, 0xFF, 0xFF, 0x00, 0x01, 0xF0, 0x00, 0x00, 0x00,
    0x01, 0x0F, 0x00, 0x02, 0xFF, 0xFF, 0x00, 0x01, 0xF0, 0x00, 0x00,
};

unsigned char chopper_side_03_fo[] = {
    22, 14,  /* width_px, height_px; rest is RLE rows */
    0x04, 0x01, 0x77, 0x00, 0x01, 0x70, 0x00, 0x00, 0x04, 0x02, 0xFF, 0xF7,
    0x03, 0x01, 0x07, 0x00, 0x00, 0x03, 0x01, 0x07, 0x00, 0x03, 0xFF, 0xFF,
    0x77, 0x02, 0x01, 0x0F, 0x00, 0x01, 0x70, 0x00, 0x00, 0x02, 0x01, 0x07,
    0x00, 0x04, 0x7F, 0xFF, 0xFF, 0xFF, 0x02, 0x01, 0x7F, 0x00, 0x01, 0xF0,
    0x00, 0x00, 0x01, 0x02, 0x77, 0x7F, 0x00, 0x01, 0x0F, 0x00, 0x02, 0xFF,
    0xFF, 0x00, 0x01, 0xF0, 0x01, 0x02, 0x77, 0xFF, 0x00, 0x00, 0x01, 0x01,
    0xF0, 0x01, 0x01, 0x0F, 0x00, 0x06, 0xFF, 0xFF, 0xF7, 0x77, 0xFF, 0xFF,
    0x00, 0x00, 0x01, 0x01, 0xF0, 0x01, 0x01, 0x0F, 0x00, 0x05, 0xFF, 0xFF,
    0xFF, 0xFF, 0xFF, 0x00, 0x01, 0xF0, 0x00, 0x00, 0x00, 0x01, 0x07, 0x00,
    0x01, 0xF0, 0x00, 0x01, 0x07, 0x00, 0x05, 0x7F, 0xFF, 0xFF, 0xFF, 0xFF,
    0x00, 0x01, 0xF0, 0x00, 0x00, 0x00, 0x01, 0x0F, 0x00, 0x06, 0xF7, 0x7F,
    0xFF, 0xFF, 0xFF, 0xFF, 0x00, 0x01, 0xF0, 0x00, 0x00, 0x00, 0x01, 0x0F,
    0x00, 0x05, 0xFF, 0xFF, 0xFF, 0xFF, 0xFF, 0x00, 0x01, 0x0F, 0x00, 0x00,
    0x01, 0x02, 0xFF, 0xFF, 0x00, 0x01, 0xF0, 0x00, 0x01, 0xFF, 0x01, 0x01,
    0x0F, 0x00, 0x01, 0x77, 0x00, 0x01, 0x70, 0x00, 0x00, 0x00, 0x01, 0x07,
    0x03, 0x04, 0xFF, 0x77, 0x7F, 0xFF, 0x00, 0x01, 0xF0, 0x00, 0x00, 0x00,
    0x01, 0x0F, 0x00, 0x06, 0x77, 0x77, 0x77, 0xFF, 0xFF, 0xFF, 0x00, 0x00,
    0x01, 0x03, 0xFF, 0xFF, 0xFF, 0x00, 0x00,
};

/* chopperSide_04: Apple 35x14 -> PCjr 20x14 even / 22x14 odd; coverage-OR X.
 *   ..........+++.......
 *   ..........===.......
 *   .+.......+===.......
 *   +=.....++====+......
 *   ==+....=======+++++.
 *   .==+++..======....=.
 *   .=====++======....=+
 *   ..============+....=
 *   ....===========++++=
 *   ......=============.
 *   .......==...======..
 *   .....++==+++==.....+
 *   .....=========+++++=
 *   .............======.
 */
unsigned char chopper_side_04_e[] = {
    20, 14,  /* width_px, height_px; rest is RLE rows */
    0x05, 0x01, 0x77, 0x00, 0x01, 0x70, 0x00, 0x00, 0x05, 0x01, 0xFF, 0x00,
    0x01, 0xF0, 0x00, 0x00, 0x00, 0x01, 0x07, 0x03, 0x01, 0x07, 0x00, 0x01,
    0xFF, 0x00, 0x01, 0xF0, 0x00, 0x00, 0x00, 0x01, 0x7F, 0x02, 0x01, 0x07,
    0x00, 0x03, 0x7F, 0xFF, 0xF7, 0x00, 0x00, 0x00, 0x01, 0xFF, 0x00, 0x01,
    0x70, 0x01, 0x01, 0x0F, 0x00, 0x05, 0xFF, 0xFF, 0xFF, 0x77, 0x77, 0x00,
    0x01, 0x70, 0x00, 0x00, 0x00, 0x01, 0x0F, 0x00, 0x02, 0xF7, 0x77, 0x01,
    0x03, 0xFF, 0xFF, 0xFF, 0x02, 0x01, 0xF0, 0x00, 0x00, 0x00, 0x01, 0x0F,
    0x00, 0x06, 0xFF, 0xFF, 0x77, 0xFF, 0xFF, 0xFF, 0x02, 0x01, 0xF7, 0x00,
    0x00, 0x01, 0x06, 0xFF, 0xFF, 0xFF, 0xFF, 0xFF, 0xFF, 0x00, 0x01, 0x70,
    0x01, 0x01, 0x0F, 0x00, 0x00, 0x02, 0x08, 0xFF, 0xFF, 0xFF, 0xFF, 0xFF,
    0xF7, 0x77, 0x7F, 0x00, 0x00, 0x03, 0x06, 0xFF, 0xFF, 0xFF, 0xFF, 0xFF,
    0xFF, 0x00, 0x01, 0xF0, 0x00, 0x00, 0x03, 0x01, 0x0F, 0x00, 0x01, 0xF0,
    0x01, 0x03, 0xFF, 0xFF, 0xFF, 0x00, 0x00, 0x02, 0x01, 0x07, 0x00, 0x04,
    0x7F, 0xF7, 0x77, 0xFF, 0x02, 0x01, 0x07, 0x00, 0x00, 0x02, 0x01, 0x0F,
    0x00, 0x07, 0xFF, 0xFF, 0xFF, 0xFF, 0x77, 0x77, 0x7F, 0x00, 0x00, 0x06,
    0x01, 0x0F, 0x00, 0x02, 0xFF, 0xFF, 0x00, 0x01, 0xF0, 0x00, 0x00,
};

unsigned char chopper_side_04_o[] = {
    22, 14,  /* width_px, height_px; rest is RLE rows */
    0x05, 0x01, 0x07, 0x00, 0x01, 0x77, 0x00, 0x00, 0x05, 0x01, 0x0F, 0x00,
    0x01, 0xFF, 0x00, 0x00, 0x01, 0x01, 0x70, 0x03, 0x02, 0x7F, 0xFF, 0x00,
    0x00, 0x00, 0x01, 0x07, 0x00, 0x01, 0xF0, 0x02, 0x03, 0x77, 0xFF, 0xFF,
    0x00, 0x01, 0x70, 0x00, 0x00, 0x00, 0x01, 0x0F, 0x00, 0x01, 0xF7, 0x02,
    0x06, 0xFF, 0xFF, 0xFF, 0xF7, 0x77, 0x77, 0x00, 0x00, 0x01, 0x02, 0xFF,
    0x77, 0x00, 0x01, 0x70, 0x00, 0x01, 0x0F, 0x00, 0x02, 0xFF, 0xFF, 0x00,
    0x01, 0xF0, 0x01, 0x01, 0x0F, 0x00, 0x00, 0x01, 0x06, 0xFF, 0xFF, 0xF7,
    0x7F, 0xFF, 0xFF, 0x00, 0x01, 0xF0, 0x01, 0x01, 0x0F, 0x00, 0x01, 0x70,
    0x00, 0x00, 0x01, 0x01, 0x0F, 0x00, 0x06, 0xFF, 0xFF, 0xFF, 0xFF, 0xFF,
    0xF7, 0x02, 0x01, 0xF0, 0x00, 0x00, 0x02, 0x01, 0x0F, 0x00, 0x07, 0xFF,
    0xFF, 0xFF, 0xFF, 0xFF, 0x77, 0x77, 0x00, 0x01, 0xF0, 0x00, 0x00, 0x03,
    0x01, 0x0F, 0x00, 0x06, 0xFF, 0xFF, 0xFF, 0xFF, 0xFF, 0xFF, 0x00, 0x00,
    0x04, 0x01, 0xFF, 0x01, 0x01, 0x0F, 0x00, 0x02, 0xFF, 0xFF, 0x00, 0x01,
    0xF0, 0x00, 0x00, 0x03, 0x04, 0x77, 0xFF, 0x77, 0x7F, 0x00, 0x01, 0xF0,
    0x02, 0x01, 0x70, 0x00, 0x00, 0x03, 0x07, 0xFF, 0xFF, 0xFF, 0xFF, 0xF7,
    0x77, 0x77, 0x00, 0x01, 0xF0, 0x00, 0x00, 0x07, 0x03, 0xFF, 0xFF, 0xFF,
    0x00, 0x00,
};

/* chopperSide_04 horizontally flipped; even/odd pre-shifts for blit_rle_m8. */
unsigned char chopper_side_04_fe[] = {
    20, 14,  /* width_px, height_px; rest is RLE rows */
    0x03, 0x01, 0x07, 0x00, 0x01, 0x77, 0x00, 0x00, 0x03, 0x01, 0x0F, 0x00,
    0x01, 0xFF, 0x00, 0x00, 0x03, 0x01, 0x0F, 0x00, 0x01, 0xFF, 0x00, 0x01,
    0x70, 0x03, 0x01, 0x70, 0x00, 0x00, 0x03, 0x03, 0x7F, 0xFF, 0xF7, 0x00,
    0x01, 0x70, 0x02, 0x01, 0xF7, 0x00, 0x00, 0x00, 0x01, 0x07, 0x00, 0x05,
    0x77, 0x77, 0xFF, 0xFF, 0xFF, 0x00, 0x01, 0xF0, 0x01, 0x01, 0x07, 0x00,
    0x01, 0xFF, 0x00, 0x00, 0x00, 0x01, 0x0F, 0x02, 0x03, 0xFF, 0xFF, 0xFF,
    0x01, 0x02, 0x77, 0x7F, 0x00, 0x01, 0xF0, 0x00, 0x00, 0x00, 0x01, 0x7F,
    0x02, 0x06, 0xFF, 0xFF, 0xFF, 0x77, 0xFF, 0xFF, 0x00, 0x01, 0xF0, 0x00,
    0x00, 0x00, 0x01, 0xF0, 0x01, 0x01, 0x07, 0x00, 0x06, 0xFF, 0xFF, 0xFF,
    0xFF, 0xFF, 0xFF, 0x00, 0x00, 0x00, 0x08, 0xF7, 0x77, 0x7F, 0xFF, 0xFF,
    0xFF, 0xFF, 0xFF, 0x00, 0x00, 0x00, 0x01, 0x0F, 0x00, 0x06, 0xFF, 0xFF,
    0xFF, 0xFF, 0xFF, 0xFF, 0x00, 0x00, 0x01, 0x03, 0xFF, 0xFF, 0xFF, 0x01,
    0x01, 0x0F, 0x00, 0x01, 0xF0, 0x00, 0x00, 0x00, 0x01, 0x70, 0x02, 0x04,
    0xFF, 0x77, 0x7F, 0xF7, 0x00, 0x01, 0x70, 0x00, 0x00, 0x00, 0x07, 0xF7,
    0x77, 0x77, 0xFF, 0xFF, 0xFF, 0xFF, 0x00, 0x01, 0xF0, 0x00, 0x00, 0x00,
    0x01, 0x0F, 0x00, 0x02, 0xFF, 0xFF, 0x00, 0x01, 0xF0, 0x00, 0x00,
};

unsigned char chopper_side_04_fo[] = {
    22, 14,  /* width_px, height_px; rest is RLE rows */
    0x04, 0x01, 0x77, 0x00, 0x01, 0x70, 0x00, 0x00, 0x04, 0x01, 0xFF, 0x00,
    0x01, 0xF0, 0x00, 0x00, 0x04, 0x02, 0xFF, 0xF7, 0x03, 0x01, 0x07, 0x00,
    0x00, 0x03, 0x01, 0x07, 0x00, 0x03, 0xFF, 0xFF, 0x77, 0x02, 0x01, 0x0F,
    0x00, 0x01, 0x70, 0x00, 0x00, 0x01, 0x06, 0x77, 0x77, 0x7F, 0xFF, 0xFF,
    0xFF, 0x02, 0x01, 0x7F, 0x00, 0x01, 0xF0, 0x00, 0x00, 0x01, 0x01, 0xF0,
    0x01, 0x01, 0x0F, 0x00, 0x02, 0xFF, 0xFF, 0x00, 0x01, 0xF0, 0x00, 0x01,
    0x07, 0x00, 0x02, 0x77, 0xFF, 0x00, 0x00, 0x00, 0x01, 0x07, 0x00, 0x01,
    0xF0, 0x01, 0x01, 0x0F, 0x00, 0x06, 0xFF, 0xFF, 0xF7, 0x7F, 0xFF, 0xFF,
    0x00, 0x00, 0x00, 0x01, 0x0F, 0x02, 0x06, 0x7F, 0xFF, 0xFF, 0xFF, 0xFF,
    0xFF, 0x00, 0x01, 0xF0, 0x00, 0x00, 0x00, 0x01, 0x0F, 0x00, 0x07, 0x77,
    0x77, 0xFF, 0xFF, 0xFF, 0xFF, 0xFF, 0x00, 0x01, 0xF0, 0x00, 0x00, 0x01,
    0x06, 0xFF, 0xFF, 0xFF, 0xFF, 0xFF, 0xFF, 0x00, 0x01, 0xF0, 0x00, 0x00,
    0x01, 0x01, 0x0F, 0x00, 0x02, 0xFF, 0xFF, 0x00, 0x01, 0xF0, 0x01, 0x01,
    0xFF, 0x00, 0x00, 0x00, 0x01, 0x07, 0x02, 0x01, 0x0F, 0x00, 0x04, 0xF7,
    0x77, 0xFF, 0x77, 0x00, 0x00, 0x00, 0x01, 0x0F, 0x00, 0x07, 0x77, 0x77,
    0x7F, 0xFF, 0xFF, 0xFF, 0xFF, 0x00, 0x00, 0x01, 0x03, 0xFF, 0xFF, 0xFF,
    0x00, 0x00,
};

/* chopperSide_05: Apple 35x13 -> PCjr 20x13 even / 22x13 odd; coverage-OR X.
 *   .........+++........
 *   .........===........
 *   ........+===........
 *   .+.....+====+++++++.
 *   +=.....=======....=.
 *   ==+.....======....=+
 *   .==+++++======+....=
 *   .==============++++=
 *   ..=================.
 *   ....==============..
 *   .......==...==.....+
 *   .....++==+++==+++++=
 *   .....==============.
 */
unsigned char chopper_side_05_e[] = {
    20, 13,  /* width_px, height_px; rest is RLE rows */
    0x04, 0x01, 0x07, 0x00, 0x01, 0x77, 0x00, 0x00, 0x04, 0x01, 0x0F, 0x00,
    0x01, 0xFF, 0x00, 0x00, 0x04, 0x02, 0x7F, 0xFF, 0x00, 0x00, 0x00, 0x01,
    0x07, 0x02, 0x01, 0x07, 0x00, 0x05, 0xFF, 0xFF, 0x77, 0x77, 0x77, 0x00,
    0x01, 0x70, 0x00, 0x00, 0x00, 0x01, 0x7F, 0x02, 0x01, 0x0F, 0x00, 0x03,
    0xFF, 0xFF, 0xFF, 0x02, 0x01, 0xF0, 0x00, 0x00, 0x00, 0x01, 0xFF, 0x00,
    0x01, 0x70, 0x02, 0x03, 0xFF, 0xFF, 0xFF, 0x02, 0x01, 0xF7, 0x00, 0x00,
    0x00, 0x01, 0x0F, 0x00, 0x06, 0xF7, 0x77, 0x77, 0xFF, 0xFF, 0xFF, 0x00,
    0x01, 0x70, 0x01, 0x01, 0x0F, 0x00, 0x00, 0x00, 0x01, 0x0F, 0x00, 0x09,
    0xFF, 0xFF, 0xFF, 0xFF, 0xFF, 0xFF, 0xF7, 0x77, 0x7F, 0x00, 0x00, 0x01,
    0x08, 0xFF, 0xFF, 0xFF, 0xFF, 0xFF, 0xFF, 0xFF, 0xFF, 0x00, 0x01, 0xF0,
    0x00, 0x00, 0x02, 0x07, 0xFF, 0xFF, 0xFF, 0xFF, 0xFF, 0xFF, 0xFF, 0x00,
    0x00, 0x03, 0x01, 0x0F, 0x00, 0x01, 0xF0, 0x01, 0x01, 0xFF, 0x02, 0x01,
    0x07, 0x00, 0x00, 0x02, 0x01, 0x07, 0x00, 0x07, 0x7F, 0xF7, 0x77, 0xFF,
    0x77, 0x77, 0x7F, 0x00, 0x00, 0x02, 0x01, 0x0F, 0x00, 0x06, 0xFF, 0xFF,
    0xFF, 0xFF, 0xFF, 0xFF, 0x00, 0x01, 0xF0, 0x00, 0x00,
};

unsigned char chopper_side_05_o[] = {
    22, 13,  /* width_px, height_px; rest is RLE rows */
    0x05, 0x01, 0x77, 0x00, 0x01, 0x70, 0x00, 0x00, 0x05, 0x01, 0xFF, 0x00,
    0x01, 0xF0, 0x00, 0x00, 0x04, 0x01, 0x07, 0x00, 0x01, 0xFF, 0x00, 0x01,
    0xF0, 0x00, 0x00, 0x01, 0x01, 0x70, 0x02, 0x06, 0x7F, 0xFF, 0xF7, 0x77,
    0x77, 0x77, 0x00, 0x00, 0x00, 0x01, 0x07, 0x00, 0x01, 0xF0, 0x02, 0x03,
    0xFF, 0xFF, 0xFF, 0x00, 0x01, 0xF0, 0x01, 0x01, 0x0F, 0x00, 0x00, 0x00,
    0x01, 0x0F, 0x00, 0x01, 0xF7, 0x02, 0x01, 0x0F, 0x00, 0x02, 0xFF, 0xFF,
    0x00, 0x01, 0xF0, 0x01, 0x01, 0x0F, 0x00, 0x01, 0x70, 0x00, 0x00, 0x01,
    0x07, 0xFF, 0x77, 0x77, 0x7F, 0xFF, 0xFF, 0xF7, 0x02, 0x01, 0xF0, 0x00,
    0x00, 0x01, 0x09, 0xFF, 0xFF, 0xFF, 0xFF, 0xFF, 0xFF, 0xFF, 0x77, 0x77,
    0x00, 0x01, 0xF0, 0x00, 0x00, 0x01, 0x01, 0x0F, 0x00, 0x08, 0xFF, 0xFF,
    0xFF, 0xFF, 0xFF, 0xFF, 0xFF, 0xFF, 0x00, 0x00, 0x02, 0x01, 0x0F, 0x00,
    0x06, 0xFF, 0xFF, 0xFF, 0xFF, 0xFF, 0xFF, 0x00, 0x01, 0xF0, 0x00, 0x00,
    0x04, 0x01, 0xFF, 0x01, 0x01, 0x0F, 0x00, 0x01, 0xF0, 0x02, 0x01, 0x70,
    0x00, 0x00, 0x03, 0x07, 0x77, 0xFF, 0x77, 0x7F, 0xF7, 0x77, 0x77, 0x00,
    0x01, 0xF0, 0x00, 0x00, 0x03, 0x07, 0xFF, 0xFF, 0xFF, 0xFF, 0xFF, 0xFF,
    0xFF, 0x00, 0x00,
};

/* chopperSide_05 horizontally flipped; even/odd pre-shifts for blit_rle_m8. */
unsigned char chopper_side_05_fe[] = {
    20, 13,  /* width_px, height_px; rest is RLE rows */
    0x04, 0x01, 0x77, 0x00, 0x01, 0x70, 0x00, 0x00, 0x04, 0x01, 0xFF, 0x00,
    0x01, 0xF0, 0x00, 0x00, 0x04, 0x02, 0xFF, 0xF7, 0x00, 0x00, 0x00, 0x01,
    0x07, 0x00, 0x05, 0x77, 0x77, 0x77, 0xFF, 0xFF, 0x00, 0x01, 0x70, 0x02,
    0x01, 0x70, 0x00, 0x00, 0x00, 0x01, 0x0F, 0x02, 0x03, 0xFF, 0xFF, 0xFF,
    0x00, 0x01, 0xF0, 0x02, 0x01, 0xF7, 0x00, 0x00, 0x00, 0x01, 0x7F, 0x02,
    0x03, 0xFF, 0xFF, 0xFF, 0x02, 0x01, 0x07, 0x00, 0x01, 0xFF, 0x00, 0x00,
    0x00, 0x01, 0xF0, 0x01, 0x01, 0x07, 0x00, 0x06, 0xFF, 0xFF, 0xFF, 0x77,
    0x77, 0x7F, 0x00, 0x01, 0xF0, 0x00, 0x00, 0x00, 0x09, 0xF7, 0x77, 0x7F,
    0xFF, 0xFF, 0xFF, 0xFF, 0xFF, 0xFF, 0x00, 0x01, 0xF0, 0x00, 0x00, 0x00,
    0x01, 0x0F, 0x00, 0x08, 0xFF, 0xFF, 0xFF, 0xFF, 0xFF, 0xFF, 0xFF, 0xFF,
    0x00, 0x00, 0x01, 0x07, 0xFF, 0xFF, 0xFF, 0xFF, 0xFF, 0xFF, 0xFF, 0x00,
    0x00, 0x00, 0x01, 0x70, 0x02, 0x01, 0xFF, 0x01, 0x01, 0x0F, 0x00, 0x01,
    0xF0, 0x00, 0x00, 0x00, 0x07, 0xF7, 0x77, 0x77, 0xFF, 0x77, 0x7F, 0xF7,
    0x00, 0x01, 0x70, 0x00, 0x00, 0x00, 0x01, 0x0F, 0x00, 0x06, 0xFF, 0xFF,
    0xFF, 0xFF, 0xFF, 0xFF, 0x00, 0x01, 0xF0, 0x00, 0x00,
};

unsigned char chopper_side_05_fo[] = {
    22, 13,  /* width_px, height_px; rest is RLE rows */
    0x04, 0x01, 0x07, 0x00, 0x01, 0x77, 0x00, 0x00, 0x04, 0x01, 0x0F, 0x00,
    0x01, 0xFF, 0x00, 0x00, 0x04, 0x01, 0x0F, 0x00, 0x01, 0xFF, 0x00, 0x01,
    0x70, 0x00, 0x00, 0x01, 0x06, 0x77, 0x77, 0x77, 0x7F, 0xFF, 0xF7, 0x02,
    0x01, 0x07, 0x00, 0x00, 0x01, 0x01, 0xF0, 0x01, 0x01, 0x0F, 0x00, 0x03,
    0xFF, 0xFF, 0xFF, 0x02, 0x01, 0x0F, 0x00, 0x01, 0x70, 0x00, 0x00, 0x00,
    0x01, 0x07, 0x00, 0x01, 0xF0, 0x01, 0x01, 0x0F, 0x00, 0x02, 0xFF, 0xFF,
    0x00, 0x01, 0xF0, 0x02, 0x01, 0x7F, 0x00, 0x01, 0xF0, 0x00, 0x00, 0x00,
    0x01, 0x0F, 0x02, 0x07, 0x7F, 0xFF, 0xFF, 0xF7, 0x77, 0x77, 0xFF, 0x00,
    0x00, 0x00, 0x01, 0x0F, 0x00, 0x09, 0x77, 0x77, 0xFF, 0xFF, 0xFF, 0xFF,
    0xFF, 0xFF, 0xFF, 0x00, 0x00, 0x01, 0x08, 0xFF, 0xFF, 0xFF, 0xFF, 0xFF,
    0xFF, 0xFF, 0xFF, 0x00, 0x01, 0xF0, 0x00, 0x00, 0x01, 0x01, 0x0F, 0x00,
    0x06, 0xFF, 0xFF, 0xFF, 0xFF, 0xFF, 0xFF, 0x00, 0x01, 0xF0, 0x00, 0x00,
    0x00, 0x01, 0x07, 0x02, 0x01, 0x0F, 0x00, 0x01, 0xF0, 0x01, 0x01, 0xFF,
    0x00, 0x00, 0x00, 0x01, 0x0F, 0x00, 0x07, 0x77, 0x77, 0x7F, 0xF7, 0x77,
    0xFF, 0x77, 0x00, 0x00, 0x01, 0x07, 0xFF, 0xFF, 0xFF, 0xFF, 0xFF, 0xFF,
    0xFF, 0x00, 0x00,
};

/* chopperSide_06: Apple 35x13 -> PCjr 20x13 even / 22x13 odd; coverage-OR X.
 *   .........+++........
 *   .........===........
 *   ........+===+++++++.
 *   .......+======....=.
 *   .+.....=======....=+
 *   +=......======+....=
 *   ==+..+++=======++++=
 *   .==++==============.
 *   .=================..
 *   ...===========.....+
 *   .......==...==+++++=
 *   ......+==+++=======.
 *   ......========......
 */
unsigned char chopper_side_06_e[] = {
    20, 13,  /* width_px, height_px; rest is RLE rows */
    0x04, 0x01, 0x07, 0x00, 0x01, 0x77, 0x00, 0x00, 0x04, 0x01, 0x0F, 0x00,
    0x01, 0xFF, 0x00, 0x00, 0x04, 0x05, 0x7F, 0xFF, 0x77, 0x77, 0x77, 0x00,
    0x01, 0x70, 0x00, 0x00, 0x03, 0x01, 0x07, 0x00, 0x03, 0xFF, 0xFF, 0xFF,
    0x02, 0x01, 0xF0, 0x00, 0x00, 0x00, 0x01, 0x07, 0x02, 0x01, 0x0F, 0x00,
    0x03, 0xFF, 0xFF, 0xFF, 0x02, 0x01, 0xF7, 0x00, 0x00, 0x00, 0x01, 0x7F,
    0x03, 0x03, 0xFF, 0xFF, 0xFF, 0x00, 0x01, 0x70, 0x01, 0x01, 0x0F, 0x00,
    0x00, 0x00, 0x01, 0xFF, 0x00, 0x01, 0x70, 0x00, 0x01, 0x07, 0x00, 0x07,
    0x77, 0xFF, 0xFF, 0xFF, 0xF7, 0x77, 0x7F, 0x00, 0x00, 0x00, 0x01, 0x0F,
    0x00, 0x08, 0xF7, 0x7F, 0xFF, 0xFF, 0xFF, 0xFF, 0xFF, 0xFF, 0x00, 0x01,
    0xF0, 0x00, 0x00, 0x00, 0x01, 0x0F, 0x00, 0x08, 0xFF, 0xFF, 0xFF, 0xFF,
    0xFF, 0xFF, 0xFF, 0xFF, 0x00, 0x00, 0x01, 0x01, 0x0F, 0x00, 0x05, 0xFF,
    0xFF, 0xFF, 0xFF, 0xFF, 0x02, 0x01, 0x07, 0x00, 0x00, 0x03, 0x01, 0x0F,
    0x00, 0x01, 0xF0, 0x01, 0x04, 0xFF, 0x77, 0x77, 0x7F, 0x00, 0x00, 0x03,
    0x06, 0x7F, 0xF7, 0x77, 0xFF, 0xFF, 0xFF, 0x00, 0x01, 0xF0, 0x00, 0x00,
    0x03, 0x04, 0xFF, 0xFF, 0xFF, 0xFF, 0x00, 0x00,
};

unsigned char chopper_side_06_o[] = {
    22, 13,  /* width_px, height_px; rest is RLE rows */
    0x05, 0x01, 0x77, 0x00, 0x01, 0x70, 0x00, 0x00, 0x05, 0x01, 0xFF, 0x00,
    0x01, 0xF0, 0x00, 0x00, 0x04, 0x01, 0x07, 0x00, 0x05, 0xFF, 0xF7, 0x77,
    0x77, 0x77, 0x00, 0x00, 0x04, 0x03, 0x7F, 0xFF, 0xFF, 0x00, 0x01, 0xF0,
    0x01, 0x01, 0x0F, 0x00, 0x00, 0x01, 0x01, 0x70, 0x02, 0x03, 0xFF, 0xFF,
    0xFF, 0x00, 0x01, 0xF0, 0x01, 0x01, 0x0F, 0x00, 0x01, 0x70, 0x00, 0x00,
    0x00, 0x01, 0x07, 0x00, 0x01, 0xF0, 0x02, 0x01, 0x0F, 0x00, 0x03, 0xFF,
    0xFF, 0xF7, 0x02, 0x01, 0xF0, 0x00, 0x00, 0x00, 0x01, 0x0F, 0x00, 0x01,
    0xF7, 0x01, 0x07, 0x77, 0x7F, 0xFF, 0xFF, 0xFF, 0x77, 0x77, 0x00, 0x01,
    0xF0, 0x00, 0x00, 0x01, 0x09, 0xFF, 0x77, 0xFF, 0xFF, 0xFF, 0xFF, 0xFF,
    0xFF, 0xFF, 0x00, 0x00, 0x01, 0x08, 0xFF, 0xFF, 0xFF, 0xFF, 0xFF, 0xFF,
    0xFF, 0xFF, 0x00, 0x01, 0xF0, 0x00, 0x00, 0x02, 0x05, 0xFF, 0xFF, 0xFF,
    0xFF, 0xFF, 0x00, 0x01, 0xF0, 0x02, 0x01, 0x70, 0x00, 0x00, 0x04, 0x01,
    0xFF, 0x01, 0x01, 0x0F, 0x00, 0x03, 0xF7, 0x77, 0x77, 0x00, 0x01, 0xF0,
    0x00, 0x00, 0x03, 0x01, 0x07, 0x00, 0x06, 0xFF, 0x77, 0x7F, 0xFF, 0xFF,
    0xFF, 0x00, 0x00, 0x03, 0x01, 0x0F, 0x00, 0x03, 0xFF, 0xFF, 0xFF, 0x00,
    0x01, 0xF0, 0x00, 0x00,
};

/* chopperSide_06 horizontally flipped; even/odd pre-shifts for blit_rle_m8. */
unsigned char chopper_side_06_fe[] = {
    20, 13,  /* width_px, height_px; rest is RLE rows */
    0x04, 0x01, 0x77, 0x00, 0x01, 0x70, 0x00, 0x00, 0x04, 0x01, 0xFF, 0x00,
    0x01, 0xF0, 0x00, 0x00, 0x00, 0x01, 0x07, 0x00, 0x05, 0x77, 0x77, 0x77,
    0xFF, 0xF7, 0x00, 0x00, 0x00, 0x01, 0x0F, 0x02, 0x03, 0xFF, 0xFF, 0xFF,
    0x00, 0x01, 0x70, 0x00, 0x00, 0x00, 0x01, 0x7F, 0x02, 0x03, 0xFF, 0xFF,
    0xFF, 0x00, 0x01, 0xF0, 0x02, 0x01, 0x70, 0x00, 0x00, 0x00, 0x01, 0xF0,
    0x01, 0x01, 0x07, 0x00, 0x03, 0xFF, 0xFF, 0xFF, 0x03, 0x01, 0xF7, 0x00,
    0x00, 0x00, 0x07, 0xF7, 0x77, 0x7F, 0xFF, 0xFF, 0xFF, 0x77, 0x00, 0x01,
    0x70, 0x00, 0x01, 0x07, 0x00, 0x01, 0xFF, 0x00, 0x00, 0x00, 0x01, 0x0F,
    0x00, 0x08, 0xFF, 0xFF, 0xFF, 0xFF, 0xFF, 0xFF, 0xF7, 0x7F, 0x00, 0x01,
    0xF0, 0x00, 0x00, 0x01, 0x08, 0xFF, 0xFF, 0xFF, 0xFF, 0xFF, 0xFF, 0xFF,
    0xFF, 0x00, 0x01, 0xF0, 0x00, 0x00, 0x00, 0x01, 0x70, 0x02, 0x05, 0xFF,
    0xFF, 0xFF, 0xFF, 0xFF, 0x00, 0x01, 0xF0, 0x00, 0x00, 0x00, 0x04, 0xF7,
    0x77, 0x77, 0xFF, 0x01, 0x01, 0x0F, 0x00, 0x01, 0xF0, 0x00, 0x00, 0x00,
    0x01, 0x0F, 0x00, 0x06, 0xFF, 0xFF, 0xFF, 0x77, 0x7F, 0xF7, 0x00, 0x00,
    0x03, 0x04, 0xFF, 0xFF, 0xFF, 0xFF, 0x00, 0x00,
};

unsigned char chopper_side_06_fo[] = {
    22, 13,  /* width_px, height_px; rest is RLE rows */
    0x04, 0x01, 0x07, 0x00, 0x01, 0x77, 0x00, 0x00, 0x04, 0x01, 0x0F, 0x00,
    0x01, 0xFF, 0x00, 0x00, 0x01, 0x05, 0x77, 0x77, 0x77, 0x7F, 0xFF, 0x00,
    0x01, 0x70, 0x00, 0x00, 0x01, 0x01, 0xF0, 0x01, 0x01, 0x0F, 0x00, 0x03,
    0xFF, 0xFF, 0xF7, 0x00, 0x00, 0x00, 0x01, 0x07, 0x00, 0x01, 0xF0, 0x01,
    0x01, 0x0F, 0x00, 0x03, 0xFF, 0xFF, 0xFF, 0x02, 0x01, 0x07, 0x00, 0x00,
    0x00, 0x01, 0x0F, 0x02, 0x03, 0x7F, 0xFF, 0xFF, 0x00, 0x01, 0xF0, 0x02,
    0x01, 0x0F, 0x00, 0x01, 0x70, 0x00, 0x00, 0x00, 0x01, 0x0F, 0x00, 0x07,
    0x77, 0x77, 0xFF, 0xFF, 0xFF, 0xF7, 0x77, 0x01, 0x01, 0x7F, 0x00, 0x01,
    0xF0, 0x00, 0x00, 0x01, 0x09, 0xFF, 0xFF, 0xFF, 0xFF, 0xFF, 0xFF, 0xFF,
    0x77, 0xFF, 0x00, 0x00, 0x01, 0x01, 0x0F, 0x00, 0x08, 0xFF, 0xFF, 0xFF,
    0xFF, 0xFF, 0xFF, 0xFF, 0xFF, 0x00, 0x00, 0x00, 0x01, 0x07, 0x02, 0x01,
    0x0F, 0x00, 0x05, 0xFF, 0xFF, 0xFF, 0xFF, 0xFF, 0x00, 0x00, 0x00, 0x01,
    0x0F, 0x00, 0x03, 0x77, 0x77, 0x7F, 0x00, 0x01, 0xF0, 0x01, 0x01, 0xFF,
    0x00, 0x00, 0x01, 0x06, 0xFF, 0xFF, 0xFF, 0xF7, 0x77, 0xFF, 0x00, 0x01,
    0x70, 0x00, 0x00, 0x03, 0x01, 0x0F, 0x00, 0x03, 0xFF, 0xFF, 0xFF, 0x00,
    0x01, 0xF0, 0x00, 0x00,
};

/* chopperSide_07: Apple 35x13 -> PCjr 20x13 even / 22x13 odd; coverage-OR X.
 *   .........+++........
 *   .........===..++++..
 *   ........+===++==.=+.
 *   .......+======....=+
 *   .......=======.....=
 *   .+......======+.+++=
 *   +=+...++=======+===.
 *   ===+++============..
 *   .=============.....+
 *   ..========...=+++++=
 *   ........==+++======.
 *   ......++======......
 *   ......====..........
 */
unsigned char chopper_side_07_e[] = {
    20, 13,  /* width_px, height_px; rest is RLE rows */
    0x04, 0x01, 0x07, 0x00, 0x01, 0x77, 0x00, 0x00, 0x04, 0x01, 0x0F, 0x00,
    0x01, 0xFF, 0x01, 0x02, 0x77, 0x77, 0x00, 0x00, 0x04, 0x04, 0x7F, 0xFF,
    0x77, 0xFF, 0x00, 0x01, 0x0F, 0x00, 0x01, 0x70, 0x00, 0x00, 0x03, 0x01,
    0x07, 0x00, 0x03, 0xFF, 0xFF, 0xFF, 0x02, 0x01, 0xF7, 0x00, 0x00, 0x03,
    0x01, 0x0F, 0x00, 0x03, 0xFF, 0xFF, 0xFF, 0x02, 0x01, 0x0F, 0x00, 0x00,
    0x00, 0x01, 0x07, 0x03, 0x03, 0xFF, 0xFF, 0xFF, 0x00, 0x01, 0x70, 0x00,
    0x02, 0x77, 0x7F, 0x00, 0x00, 0x00, 0x01, 0x7F, 0x00, 0x01, 0x70, 0x01,
    0x06, 0x77, 0xFF, 0xFF, 0xFF, 0xF7, 0xFF, 0x00, 0x01, 0xF0, 0x00, 0x00,
    0x00, 0x09, 0xFF, 0xF7, 0x77, 0xFF, 0xFF, 0xFF, 0xFF, 0xFF, 0xFF, 0x00,
    0x00, 0x00, 0x01, 0x0F, 0x00, 0x06, 0xFF, 0xFF, 0xFF, 0xFF, 0xFF, 0xFF,
    0x02, 0x01, 0x07, 0x00, 0x00, 0x01, 0x04, 0xFF, 0xFF, 0xFF, 0xFF, 0x01,
    0x01, 0x0F, 0x00, 0x03, 0x77, 0x77, 0x7F, 0x00, 0x00, 0x04, 0x05, 0xFF,
    0x77, 0x7F, 0xFF, 0xFF, 0x00, 0x01, 0xF0, 0x00, 0x00, 0x03, 0x04, 0x77,
    0xFF, 0xFF, 0xFF, 0x00, 0x00, 0x03, 0x02, 0xFF, 0xFF, 0x00, 0x00,
};

unsigned char chopper_side_07_o[] = {
    22, 13,  /* width_px, height_px; rest is RLE rows */
    0x05, 0x01, 0x77, 0x00, 0x01, 0x70, 0x00, 0x00, 0x05, 0x01, 0xFF, 0x00,
    0x01, 0xF0, 0x00, 0x01, 0x07, 0x00, 0x01, 0x77, 0x00, 0x01, 0x70, 0x00,
    0x00, 0x04, 0x01, 0x07, 0x00, 0x03, 0xFF, 0xF7, 0x7F, 0x00, 0x01, 0xF0,
    0x00, 0x01, 0xF7, 0x00, 0x00, 0x04, 0x03, 0x7F, 0xFF, 0xFF, 0x00, 0x01,
    0xF0, 0x01, 0x01, 0x0F, 0x00, 0x01, 0x70, 0x00, 0x00, 0x04, 0x03, 0xFF,
    0xFF, 0xFF, 0x00, 0x01, 0xF0, 0x02, 0x01, 0xF0, 0x00, 0x00, 0x01, 0x01,
    0x70, 0x02, 0x01, 0x0F, 0x00, 0x03, 0xFF, 0xFF, 0xF7, 0x00, 0x01, 0x07,
    0x00, 0x01, 0x77, 0x00, 0x01, 0xF0, 0x00, 0x00, 0x00, 0x01, 0x07, 0x00,
    0x01, 0xF7, 0x01, 0x01, 0x07, 0x00, 0x06, 0x7F, 0xFF, 0xFF, 0xFF, 0x7F,
    0xFF, 0x00, 0x00, 0x00, 0x01, 0x0F, 0x00, 0x08, 0xFF, 0x77, 0x7F, 0xFF,
    0xFF, 0xFF, 0xFF, 0xFF, 0x00, 0x01, 0xF0, 0x00, 0x00, 0x01, 0x06, 0xFF,
    0xFF, 0xFF, 0xFF, 0xFF, 0xFF, 0x00, 0x01, 0xF0, 0x02, 0x01, 0x70, 0x00,
    0x00, 0x01, 0x01, 0x0F, 0x00, 0x03, 0xFF, 0xFF, 0xFF, 0x00, 0x01, 0xF0,
    0x01, 0x03, 0xF7, 0x77, 0x77, 0x00, 0x01, 0xF0, 0x00, 0x00, 0x04, 0x01,
    0x0F, 0x00, 0x05, 0xF7, 0x77, 0xFF, 0xFF, 0xFF, 0x00, 0x00, 0x03, 0x01,
    0x07, 0x00, 0x03, 0x7F, 0xFF, 0xFF, 0x00, 0x01, 0xF0, 0x00, 0x00, 0x03,
    0x01, 0x0F, 0x00, 0x01, 0xFF, 0x00, 0x01, 0xF0, 0x00, 0x00,
};

/* chopperSide_07 horizontally flipped; even/odd pre-shifts for blit_rle_m8. */
unsigned char chopper_side_07_fe[] = {
    20, 13,  /* width_px, height_px; rest is RLE rows */
    0x04, 0x01, 0x77, 0x00, 0x01, 0x70, 0x00, 0x00, 0x01, 0x02, 0x77, 0x77,
    0x01, 0x01, 0xFF, 0x00, 0x01, 0xF0, 0x00, 0x00, 0x00, 0x01, 0x07, 0x00,
    0x01, 0xF0, 0x00, 0x04, 0xFF, 0x77, 0xFF, 0xF7, 0x00, 0x00, 0x00, 0x01,
    0x7F, 0x02, 0x03, 0xFF, 0xFF, 0xFF, 0x00, 0x01, 0x70, 0x00, 0x00, 0x00,
    0x01, 0xF0, 0x02, 0x03, 0xFF, 0xFF, 0xFF, 0x00, 0x01, 0xF0, 0x00, 0x00,
    0x00, 0x02, 0xF7, 0x77, 0x00, 0x01, 0x07, 0x00, 0x03, 0xFF, 0xFF, 0xFF,
    0x03, 0x01, 0x70, 0x00, 0x00, 0x00, 0x01, 0x0F, 0x00, 0x06, 0xFF, 0x7F,
    0xFF, 0xFF, 0xFF, 0x77, 0x01, 0x01, 0x07, 0x00, 0x01, 0xF7, 0x00, 0x00,
    0x01, 0x09, 0xFF, 0xFF, 0xFF, 0xFF, 0xFF, 0xFF, 0x77, 0x7F, 0xFF, 0x00,
    0x00, 0x00, 0x01, 0x70, 0x02, 0x06, 0xFF, 0xFF, 0xFF, 0xFF, 0xFF, 0xFF,
    0x00, 0x01, 0xF0, 0x00, 0x00, 0x00, 0x03, 0xF7, 0x77, 0x77, 0x00, 0x01,
    0xF0, 0x01, 0x04, 0xFF, 0xFF, 0xFF, 0xFF, 0x00, 0x00, 0x00, 0x01, 0x0F,
    0x00, 0x05, 0xFF, 0xFF, 0xF7, 0x77, 0xFF, 0x00, 0x00, 0x03, 0x04, 0xFF,
    0xFF, 0xFF, 0x77, 0x00, 0x00, 0x05, 0x02, 0xFF, 0xFF, 0x00, 0x00,
};

unsigned char chopper_side_07_fo[] = {
    22, 13,  /* width_px, height_px; rest is RLE rows */
    0x04, 0x01, 0x07, 0x00, 0x01, 0x77, 0x00, 0x00, 0x01, 0x01, 0x07, 0x00,
    0x01, 0x77, 0x00, 0x01, 0x70, 0x00, 0x01, 0x0F, 0x00, 0x01, 0xFF, 0x00,
    0x00, 0x01, 0x01, 0x7F, 0x00, 0x01, 0x0F, 0x00, 0x03, 0xF7, 0x7F, 0xFF,
    0x00, 0x01, 0x70, 0x00, 0x00, 0x00, 0x01, 0x07, 0x00, 0x01, 0xF0, 0x01,
    0x01, 0x0F, 0x00, 0x03, 0xFF, 0xFF, 0xF7, 0x00, 0x00, 0x00, 0x01, 0x0F,
    0x02, 0x01, 0x0F, 0x00, 0x03, 0xFF, 0xFF, 0xFF, 0x00, 0x00, 0x00, 0x01,
    0x0F, 0x00, 0x01, 0x77, 0x00, 0x01, 0x70, 0x00, 0x03, 0x7F, 0xFF, 0xFF,
    0x00, 0x01, 0xF0, 0x02, 0x01, 0x07, 0x00, 0x00, 0x01, 0x06, 0xFF, 0xF7,
    0xFF, 0xFF, 0xFF, 0xF7, 0x00, 0x01, 0x70, 0x01, 0x01, 0x7F, 0x00, 0x01,
    0x70, 0x00, 0x00, 0x01, 0x01, 0x0F, 0x00, 0x08, 0xFF, 0xFF, 0xFF, 0xFF,
    0xFF, 0xF7, 0x77, 0xFF, 0x00, 0x01, 0xF0, 0x00, 0x00, 0x00, 0x01, 0x07,
    0x02, 0x01, 0x0F, 0x00, 0x06, 0xFF, 0xFF, 0xFF, 0xFF, 0xFF, 0xFF, 0x00,
    0x00, 0x00, 0x01, 0x0F, 0x00, 0x03, 0x77, 0x77, 0x7F, 0x01, 0x01, 0x0F,
    0x00, 0x03, 0xFF, 0xFF, 0xFF, 0x00, 0x01, 0xF0, 0x00, 0x00, 0x01, 0x05,
    0xFF, 0xFF, 0xFF, 0x77, 0x7F, 0x00, 0x01, 0xF0, 0x00, 0x00, 0x03, 0x01,
    0x0F, 0x00, 0x03, 0xFF, 0xFF, 0xF7, 0x00, 0x01, 0x70, 0x00, 0x00, 0x05,
    0x01, 0x0F, 0x00, 0x01, 0xFF, 0x00, 0x01, 0xF0, 0x00, 0x00,
};

/* chopperSide_08: Apple 34x14 -> PCjr 20x14 even / 22x14 odd; coverage-OR X.
 *   ..........+.........
 *   ........++=+...++++.
 *   ........====+++=..=+
 *   ........======.....=
 *   .......+======+....=
 *   .......========.+++=
 *   .+.....========+===.
 *   +=.....===========.+
 *   ==++.++=========...=
 *   .===+==========.+++=
 *   ..========...==+===.
 *   ....==...=+++===....
 *   ......+++====.......
 *   .......===..........
 */
unsigned char chopper_side_08_e[] = {
    20, 14,  /* width_px, height_px; rest is RLE rows */
    0x05, 0x01, 0x70, 0x00, 0x00, 0x04, 0x02, 0x77, 0xF7, 0x01, 0x01, 0x07,
    0x00, 0x01, 0x77, 0x00, 0x01, 0x70, 0x00, 0x00, 0x04, 0x04, 0xFF, 0xFF,
    0x77, 0x7F, 0x01, 0x01, 0xF7, 0x00, 0x00, 0x04, 0x03, 0xFF, 0xFF, 0xFF,
    0x02, 0x01, 0x0F, 0x00, 0x00, 0x03, 0x01, 0x07, 0x00, 0x03, 0xFF, 0xFF,
    0xFF, 0x00, 0x01, 0x70, 0x01, 0x01, 0x0F, 0x00, 0x00, 0x03, 0x01, 0x0F,
    0x00, 0x03, 0xFF, 0xFF, 0xFF, 0x00, 0x01, 0xF0, 0x00, 0x02, 0x77, 0x7F,
    0x00, 0x00, 0x00, 0x01, 0x07, 0x02, 0x01, 0x0F, 0x00, 0x05, 0xFF, 0xFF,
    0xFF, 0xF7, 0xFF, 0x00, 0x01, 0xF0, 0x00, 0x00, 0x00, 0x01, 0x7F, 0x02,
    0x01, 0x0F, 0x00, 0x05, 0xFF, 0xFF, 0xFF, 0xFF, 0xFF, 0x00, 0x01, 0x07,
    0x00, 0x00, 0x00, 0x02, 0xFF, 0x77, 0x00, 0x01, 0x07, 0x00, 0x05, 0x7F,
    0xFF, 0xFF, 0xFF, 0xFF, 0x01, 0x01, 0x0F, 0x00, 0x00, 0x00, 0x01, 0x0F,
    0x00, 0x06, 0xFF, 0x7F, 0xFF, 0xFF, 0xFF, 0xFF, 0x00, 0x01, 0xF0, 0x00,
    0x02, 0x77, 0x7F, 0x00, 0x00, 0x01, 0x04, 0xFF, 0xFF, 0xFF, 0xFF, 0x01,
    0x01, 0x0F, 0x00, 0x02, 0xF7, 0xFF, 0x00, 0x01, 0xF0, 0x00, 0x00, 0x02,
    0x01, 0xFF, 0x01, 0x01, 0x0F, 0x00, 0x03, 0x77, 0x7F, 0xFF, 0x00, 0x00,
    0x03, 0x03, 0x77, 0x7F, 0xFF, 0x00, 0x01, 0xF0, 0x00, 0x00, 0x03, 0x01,
    0x0F, 0x00, 0x01, 0xFF, 0x00, 0x00,
};

unsigned char chopper_side_08_o[] = {
    22, 14,  /* width_px, height_px; rest is RLE rows */
    0x05, 0x01, 0x07, 0x00, 0x00, 0x04, 0x01, 0x07, 0x00, 0x01, 0x7F, 0x00,
    0x01, 0x70, 0x01, 0x02, 0x77, 0x77, 0x00, 0x00, 0x04, 0x01, 0x0F, 0x00,
    0x03, 0xFF, 0xF7, 0x77, 0x00, 0x01, 0xF0, 0x00, 0x01, 0x0F, 0x00, 0x01,
    0x70, 0x00, 0x00, 0x04, 0x01, 0x0F, 0x00, 0x02, 0xFF, 0xFF, 0x00, 0x01,
    0xF0, 0x02, 0x01, 0xF0, 0x00, 0x00, 0x04, 0x04, 0x7F, 0xFF, 0xFF, 0xF7,
    0x02, 0x01, 0xF0, 0x00, 0x00, 0x04, 0x04, 0xFF, 0xFF, 0xFF, 0xFF, 0x00,
    0x01, 0x07, 0x00, 0x01, 0x77, 0x00, 0x01, 0xF0, 0x00, 0x00, 0x01, 0x01,
    0x70, 0x02, 0x06, 0xFF, 0xFF, 0xFF, 0xFF, 0x7F, 0xFF, 0x00, 0x00, 0x00,
    0x01, 0x07, 0x00, 0x01, 0xF0, 0x02, 0x05, 0xFF, 0xFF, 0xFF, 0xFF, 0xFF,
    0x00, 0x01, 0xF0, 0x00, 0x01, 0x70, 0x00, 0x00, 0x00, 0x01, 0x0F, 0x00,
    0x01, 0xF7, 0x00, 0x01, 0x70, 0x00, 0x05, 0x77, 0xFF, 0xFF, 0xFF, 0xFF,
    0x00, 0x01, 0xF0, 0x01, 0x01, 0xF0, 0x00, 0x00, 0x01, 0x07, 0xFF, 0xF7,
    0xFF, 0xFF, 0xFF, 0xFF, 0xFF, 0x00, 0x01, 0x07, 0x00, 0x01, 0x77, 0x00,
    0x01, 0xF0, 0x00, 0x00, 0x01, 0x01, 0x0F, 0x00, 0x03, 0xFF, 0xFF, 0xFF,
    0x00, 0x01, 0xF0, 0x01, 0x03, 0xFF, 0x7F, 0xFF, 0x00, 0x00, 0x02, 0x01,
    0x0F, 0x00, 0x01, 0xF0, 0x01, 0x03, 0xF7, 0x77, 0xFF, 0x00, 0x01, 0xF0,
    0x00, 0x00, 0x03, 0x01, 0x07, 0x00, 0x03, 0x77, 0xFF, 0xFF, 0x00, 0x00,
    0x04, 0x01, 0xFF, 0x00, 0x01, 0xF0, 0x00, 0x00,
};

/* chopperSide_08 horizontally flipped; even/odd pre-shifts for blit_rle_m8. */
unsigned char chopper_side_08_fe[] = {
    20, 14,  /* width_px, height_px; rest is RLE rows */
    0x04, 0x01, 0x07, 0x00, 0x00, 0x00, 0x01, 0x07, 0x00, 0x01, 0x77, 0x00,
    0x01, 0x70, 0x01, 0x02, 0x7F, 0x77, 0x00, 0x00, 0x00, 0x01, 0x7F, 0x01,
    0x04, 0xF7, 0x77, 0xFF, 0xFF, 0x00, 0x00, 0x00, 0x01, 0xF0, 0x02, 0x03,
    0xFF, 0xFF, 0xFF, 0x00, 0x00, 0x00, 0x01, 0xF0, 0x01, 0x01, 0x07, 0x00,
    0x03, 0xFF, 0xFF, 0xFF, 0x00, 0x01, 0x70, 0x00, 0x00, 0x00, 0x02, 0xF7,
    0x77, 0x00, 0x01, 0x0F, 0x00, 0x03, 0xFF, 0xFF, 0xFF, 0x00, 0x01, 0xF0,
    0x00, 0x00, 0x00, 0x01, 0x0F, 0x00, 0x05, 0xFF, 0x7F, 0xFF, 0xFF, 0xFF,
    0x00, 0x01, 0xF0, 0x02, 0x01, 0x70, 0x00, 0x00, 0x00, 0x01, 0x70, 0x00,
    0x05, 0xFF, 0xFF, 0xFF, 0xFF, 0xFF, 0x00, 0x01, 0xF0, 0x02, 0x01, 0xF7,
    0x00, 0x00, 0x00, 0x01, 0xF0, 0x01, 0x05, 0xFF, 0xFF, 0xFF, 0xFF, 0xF7,
    0x00, 0x01, 0x70, 0x00, 0x02, 0x77, 0xFF, 0x00, 0x00, 0x00, 0x02, 0xF7,
    0x77, 0x00, 0x01, 0x0F, 0x00, 0x06, 0xFF, 0xFF, 0xFF, 0xFF, 0xF7, 0xFF,
    0x00, 0x01, 0xF0, 0x00, 0x00, 0x00, 0x01, 0x0F, 0x00, 0x02, 0xFF, 0x7F,
    0x00, 0x01, 0xF0, 0x01, 0x04, 0xFF, 0xFF, 0xFF, 0xFF, 0x00, 0x00, 0x02,
    0x03, 0xFF, 0xF7, 0x77, 0x00, 0x01, 0xF0, 0x01, 0x01, 0xFF, 0x00, 0x00,
    0x03, 0x01, 0x0F, 0x00, 0x03, 0xFF, 0xF7, 0x77, 0x00, 0x00, 0x05, 0x01,
    0xFF, 0x00, 0x01, 0xF0, 0x00, 0x00,
};

unsigned char chopper_side_08_fo[] = {
    22, 14,  /* width_px, height_px; rest is RLE rows */
    0x05, 0x01, 0x70, 0x00, 0x00, 0x01, 0x02, 0x77, 0x77, 0x01, 0x01, 0x07,
    0x00, 0x01, 0xF7, 0x00, 0x01, 0x70, 0x00, 0x00, 0x00, 0x01, 0x07, 0x00,
    0x01, 0xF0, 0x00, 0x01, 0x0F, 0x00, 0x03, 0x77, 0x7F, 0xFF, 0x00, 0x01,
    0xF0, 0x00, 0x00, 0x00, 0x01, 0x0F, 0x02, 0x01, 0x0F, 0x00, 0x02, 0xFF,
    0xFF, 0x00, 0x01, 0xF0, 0x00, 0x00, 0x00, 0x01, 0x0F, 0x02, 0x04, 0x7F,
    0xFF, 0xFF, 0xF7, 0x00, 0x00, 0x00, 0x01, 0x0F, 0x00, 0x01, 0x77, 0x00,
    0x01, 0x70, 0x00, 0x04, 0xFF, 0xFF, 0xFF, 0xFF, 0x00, 0x00, 0x01, 0x06,
    0xFF, 0xF7, 0xFF, 0xFF, 0xFF, 0xFF, 0x02, 0x01, 0x07, 0x00, 0x00, 0x00,
    0x01, 0x07, 0x00, 0x01, 0x0F, 0x00, 0x05, 0xFF, 0xFF, 0xFF, 0xFF, 0xFF,
    0x02, 0x01, 0x0F, 0x00, 0x01, 0x70, 0x00, 0x00, 0x00, 0x01, 0x0F, 0x01,
    0x01, 0x0F, 0x00, 0x05, 0xFF, 0xFF, 0xFF, 0xFF, 0x77, 0x00, 0x01, 0x07,
    0x00, 0x01, 0x7F, 0x00, 0x01, 0xF0, 0x00, 0x00, 0x00, 0x01, 0x0F, 0x00,
    0x01, 0x77, 0x00, 0x01, 0x70, 0x00, 0x07, 0xFF, 0xFF, 0xFF, 0xFF, 0xFF,
    0x7F, 0xFF, 0x00, 0x00, 0x01, 0x03, 0xFF, 0xF7, 0xFF, 0x01, 0x01, 0x0F,
    0x00, 0x03, 0xFF, 0xFF, 0xFF, 0x00, 0x01, 0xF0, 0x00, 0x00, 0x02, 0x01,
    0x0F, 0x00, 0x03, 0xFF, 0x77, 0x7F, 0x01, 0x01, 0x0F, 0x00, 0x01, 0xF0,
    0x00, 0x00, 0x04, 0x03, 0xFF, 0xFF, 0x77, 0x00, 0x01, 0x70, 0x00, 0x00,
    0x05, 0x01, 0x0F, 0x00, 0x01, 0xFF, 0x00, 0x00,
};

/* chopperSide_09: Apple 35x15 -> PCjr 20x15 even / 22x15 odd; coverage-OR X.
 *   .........++....+++..
 *   .......++==..++=.=+.
 *   .......====++=.....+
 *   .......=======....+=
 *   .......=======+.++=.
 *   ......+========+===.
 *   ......============.+
 *   .+.....==========..=
 *   +=+...+========..++=
 *   .==+++======.==++==.
 *   .==========..=====..
 *   ...=====.==++==.....
 *   ........+====.......
 *   ......++===.........
 *   .......=............
 */
unsigned char chopper_side_09_e[] = {
    20, 15,  /* width_px, height_px; rest is RLE rows */
    0x04, 0x01, 0x07, 0x00, 0x01, 0x70, 0x01, 0x01, 0x07, 0x00, 0x01, 0x77,
    0x00, 0x00, 0x03, 0x01, 0x07, 0x00, 0x01, 0x7F, 0x00, 0x01, 0xF0, 0x00,
    0x01, 0x07, 0x00, 0x01, 0x7F, 0x00, 0x01, 0x0F, 0x00, 0x01, 0x70, 0x00,
    0x00, 0x03, 0x01, 0x0F, 0x00, 0x03, 0xFF, 0xF7, 0x7F, 0x02, 0x01, 0x07,
    0x00, 0x00, 0x03, 0x01, 0x0F, 0x00, 0x03, 0xFF, 0xFF, 0xFF, 0x02, 0x01,
    0x7F, 0x00, 0x00, 0x03, 0x01, 0x0F, 0x00, 0x03, 0xFF, 0xFF, 0xFF, 0x00,
    0x01, 0x70, 0x00, 0x01, 0x77, 0x00, 0x01, 0xF0, 0x00, 0x00, 0x03, 0x06,
    0x7F, 0xFF, 0xFF, 0xFF, 0xF7, 0xFF, 0x00, 0x01, 0xF0, 0x00, 0x00, 0x03,
    0x06, 0xFF, 0xFF, 0xFF, 0xFF, 0xFF, 0xFF, 0x00, 0x01, 0x07, 0x00, 0x00,
    0x00, 0x01, 0x07, 0x02, 0x01, 0x0F, 0x00, 0x04, 0xFF, 0xFF, 0xFF, 0xFF,
    0x00, 0x01, 0xF0, 0x00, 0x01, 0x0F, 0x00, 0x00, 0x00, 0x01, 0x7F, 0x00,
    0x01, 0x70, 0x01, 0x04, 0x7F, 0xFF, 0xFF, 0xFF, 0x00, 0x01, 0xF0, 0x00,
    0x01, 0x07, 0x00, 0x01, 0x7F, 0x00, 0x00, 0x00, 0x01, 0x0F, 0x00, 0x05,
    0xF7, 0x77, 0xFF, 0xFF, 0xFF, 0x00, 0x01, 0x0F, 0x00, 0x02, 0xF7, 0x7F,
    0x00, 0x01, 0xF0, 0x00, 0x00, 0x00, 0x01, 0x0F, 0x00, 0x04, 0xFF, 0xFF,
    0xFF, 0xFF, 0x00, 0x01, 0xF0, 0x00, 0x01, 0x0F, 0x00, 0x02, 0xFF, 0xFF,
    0x00, 0x00, 0x01, 0x01, 0x0F, 0x00, 0x02, 0xFF, 0xFF, 0x00, 0x01, 0x0F,
    0x00, 0x02, 0xF7, 0x7F, 0x00, 0x01, 0xF0, 0x00, 0x00, 0x04, 0x02, 0x7F,
    0xFF, 0x00, 0x01, 0xF0, 0x00, 0x00, 0x03, 0x02, 0x77, 0xFF, 0x00, 0x01,
    0xF0, 0x00, 0x00, 0x03, 0x01, 0x0F, 0x00, 0x00,
};

unsigned char chopper_side_09_o[] = {
    22, 15,  /* width_px, height_px; rest is RLE rows */
    0x05, 0x01, 0x77, 0x02, 0x01, 0x77, 0x00, 0x01, 0x70, 0x00, 0x00, 0x04,
    0x02, 0x77, 0xFF, 0x01, 0x01, 0x77, 0x00, 0x01, 0xF0, 0x00, 0x01, 0xF7,
    0x00, 0x00, 0x04, 0x03, 0xFF, 0xFF, 0x77, 0x00, 0x01, 0xF0, 0x02, 0x01,
    0x70, 0x00, 0x00, 0x04, 0x03, 0xFF, 0xFF, 0xFF, 0x00, 0x01, 0xF0, 0x01,
    0x01, 0x07, 0x00, 0x01, 0xF0, 0x00, 0x00, 0x04, 0x04, 0xFF, 0xFF, 0xFF,
    0xF7, 0x00, 0x01, 0x07, 0x00, 0x01, 0x7F, 0x00, 0x00, 0x03, 0x01, 0x07,
    0x00, 0x06, 0xFF, 0xFF, 0xFF, 0xFF, 0x7F, 0xFF, 0x00, 0x00, 0x03, 0x01,
    0x0F, 0x00, 0x05, 0xFF, 0xFF, 0xFF, 0xFF, 0xFF, 0x00, 0x01, 0xF0, 0x00,
    0x01, 0x70, 0x00, 0x00, 0x01, 0x01, 0x70, 0x02, 0x05, 0xFF, 0xFF, 0xFF,
    0xFF, 0xFF, 0x01, 0x01, 0xF0, 0x00, 0x00, 0x00, 0x01, 0x07, 0x00, 0x01,
    0xF7, 0x01, 0x01, 0x07, 0x00, 0x04, 0xFF, 0xFF, 0xFF, 0xFF, 0x01, 0x01,
    0x77, 0x00, 0x01, 0xF0, 0x00, 0x00, 0x01, 0x05, 0xFF, 0x77, 0x7F, 0xFF,
    0xFF, 0x00, 0x01, 0xF0, 0x00, 0x03, 0xFF, 0x77, 0xFF, 0x00, 0x00, 0x01,
    0x05, 0xFF, 0xFF, 0xFF, 0xFF, 0xFF, 0x01, 0x02, 0xFF, 0xFF, 0x00, 0x01,
    0xF0, 0x00, 0x00, 0x02, 0x02, 0xFF, 0xFF, 0x00, 0x01, 0xF0, 0x00, 0x03,
    0xFF, 0x77, 0xFF, 0x00, 0x00, 0x04, 0x01, 0x07, 0x00, 0x02, 0xFF, 0xFF,
    0x00, 0x00, 0x03, 0x01, 0x07, 0x00, 0x02, 0x7F, 0xFF, 0x00, 0x00, 0x04,
    0x01, 0xF0, 0x00, 0x00,
};

/* chopperSide_09 horizontally flipped; even/odd pre-shifts for blit_rle_m8. */
unsigned char chopper_side_09_fe[] = {
    20, 15,  /* width_px, height_px; rest is RLE rows */
    0x01, 0x01, 0x77, 0x00, 0x01, 0x70, 0x01, 0x01, 0x07, 0x00, 0x01, 0x70,
    0x00, 0x00, 0x00, 0x01, 0x07, 0x00, 0x01, 0xF0, 0x00, 0x01, 0xF7, 0x00,
    0x01, 0x70, 0x00, 0x01, 0x0F, 0x00, 0x01, 0xF7, 0x00, 0x01, 0x70, 0x00,
    0x00, 0x00, 0x01, 0x70, 0x02, 0x03, 0xF7, 0x7F, 0xFF, 0x00, 0x01, 0xF0,
    0x00, 0x00, 0x00, 0x01, 0xF7, 0x02, 0x03, 0xFF, 0xFF, 0xFF, 0x00, 0x01,
    0xF0, 0x00, 0x00, 0x00, 0x01, 0x0F, 0x00, 0x01, 0x77, 0x00, 0x01, 0x07,
    0x00, 0x03, 0xFF, 0xFF, 0xFF, 0x00, 0x01, 0xF0, 0x00, 0x00, 0x00, 0x01,
    0x0F, 0x00, 0x06, 0xFF, 0x7F, 0xFF, 0xFF, 0xFF, 0xF7, 0x00, 0x00, 0x00,
    0x01, 0x70, 0x00, 0x06, 0xFF, 0xFF, 0xFF, 0xFF, 0xFF, 0xFF, 0x00, 0x00,
    0x00, 0x01, 0xF0, 0x00, 0x01, 0x0F, 0x00, 0x04, 0xFF, 0xFF, 0xFF, 0xFF,
    0x00, 0x01, 0xF0, 0x02, 0x01, 0x70, 0x00, 0x00, 0x00, 0x01, 0xF7, 0x00,
    0x01, 0x70, 0x00, 0x01, 0x0F, 0x00, 0x04, 0xFF, 0xFF, 0xFF, 0xF7, 0x01,
    0x01, 0x07, 0x00, 0x01, 0xF7, 0x00, 0x00, 0x00, 0x01, 0x0F, 0x00, 0x02,
    0xF7, 0x7F, 0x00, 0x01, 0xF0, 0x00, 0x05, 0xFF, 0xFF, 0xFF, 0x77, 0x7F,
    0x00, 0x01, 0xF0, 0x00, 0x00, 0x01, 0x02, 0xFF, 0xFF, 0x00, 0x01, 0xF0,
    0x00, 0x01, 0x0F, 0x00, 0x04, 0xFF, 0xFF, 0xFF, 0xFF, 0x00, 0x01, 0xF0,
    0x00, 0x00, 0x02, 0x01, 0x0F, 0x00, 0x02, 0xF7, 0x7F, 0x00, 0x01, 0xF0,
    0x00, 0x02, 0xFF, 0xFF, 0x00, 0x01, 0xF0, 0x00, 0x00, 0x03, 0x01, 0x0F,
    0x00, 0x02, 0xFF, 0xF7, 0x00, 0x00, 0x04, 0x01, 0x0F, 0x00, 0x02, 0xFF,
    0x77, 0x00, 0x00, 0x06, 0x01, 0xF0, 0x00, 0x00,
};

unsigned char chopper_side_09_fo[] = {
    22, 15,  /* width_px, height_px; rest is RLE rows */
    0x01, 0x01, 0x07, 0x00, 0x01, 0x77, 0x02, 0x01, 0x77, 0x00, 0x00, 0x01,
    0x01, 0x7F, 0x00, 0x01, 0x0F, 0x00, 0x01, 0x77, 0x01, 0x02, 0xFF, 0x77,
    0x00, 0x00, 0x00, 0x01, 0x07, 0x02, 0x01, 0x0F, 0x00, 0x03, 0x77, 0xFF,
    0xFF, 0x00, 0x00, 0x00, 0x01, 0x0F, 0x00, 0x01, 0x70, 0x01, 0x01, 0x0F,
    0x00, 0x03, 0xFF, 0xFF, 0xFF, 0x00, 0x00, 0x01, 0x01, 0xF7, 0x00, 0x01,
    0x70, 0x00, 0x04, 0x7F, 0xFF, 0xFF, 0xFF, 0x00, 0x00, 0x01, 0x06, 0xFF,
    0xF7, 0xFF, 0xFF, 0xFF, 0xFF, 0x00, 0x01, 0x70, 0x00, 0x00, 0x00, 0x01,
    0x07, 0x00, 0x01, 0x0F, 0x00, 0x05, 0xFF, 0xFF, 0xFF, 0xFF, 0xFF, 0x00,
    0x01, 0xF0, 0x00, 0x00, 0x00, 0x01, 0x0F, 0x01, 0x05, 0xFF, 0xFF, 0xFF,
    0xFF, 0xFF, 0x02, 0x01, 0x07, 0x00, 0x00, 0x00, 0x01, 0x0F, 0x00, 0x01,
    0x77, 0x01, 0x04, 0xFF, 0xFF, 0xFF, 0xFF, 0x00, 0x01, 0x70, 0x01, 0x01,
    0x7F, 0x00, 0x01, 0x70, 0x00, 0x00, 0x01, 0x03, 0xFF, 0x77, 0xFF, 0x00,
    0x01, 0x0F, 0x00, 0x05, 0xFF, 0xFF, 0xF7, 0x77, 0xFF, 0x00, 0x00, 0x01,
    0x01, 0x0F, 0x00, 0x02, 0xFF, 0xFF, 0x01, 0x05, 0xFF, 0xFF, 0xFF, 0xFF,
    0xFF, 0x00, 0x00, 0x03, 0x03, 0xFF, 0x77, 0xFF, 0x00, 0x01, 0x0F, 0x00,
    0x02, 0xFF, 0xFF, 0x00, 0x00, 0x04, 0x02, 0xFF, 0xFF, 0x00, 0x01, 0x70,
    0x00, 0x00, 0x05, 0x02, 0xFF, 0xF7, 0x00, 0x01, 0x70, 0x00, 0x00, 0x06,
    0x01, 0x0F, 0x00, 0x00,
};

/* chopperSide_10: Apple 34x16 -> PCjr 20x16 even / 22x16 odd; coverage-OR X.
 *   ...............+++..
 *   .........++...+=.=+.
 *   .......++==+++.....+
 *   ........======....+=
 *   ........======+..+=.
 *   .......+=======++==.
 *   .......===========.+
 *   .......===========.=
 *   ........========..+=
 *   .+.....+=======.++==
 *   +=+..++=====..=+==..
 *   .==++======.++==....
 *   .==========+===.....
 *   ...===...====.......
 *   .......++==.........
 *   ........=...........
 */
unsigned char chopper_side_10_e[] = {
    20, 16,  /* width_px, height_px; rest is RLE rows */
    0x07, 0x01, 0x07, 0x00, 0x01, 0x77, 0x00, 0x00, 0x04, 0x01, 0x07, 0x00,
    0x01, 0x70, 0x01, 0x01, 0x7F, 0x00, 0x01, 0x0F, 0x00, 0x01, 0x70, 0x00,
    0x00, 0x03, 0x01, 0x07, 0x00, 0x03, 0x7F, 0xF7, 0x77, 0x02, 0x01, 0x07,
    0x00, 0x00, 0x04, 0x03, 0xFF, 0xFF, 0xFF, 0x02, 0x01, 0x7F, 0x00, 0x00,
    0x04, 0x03, 0xFF, 0xFF, 0xFF, 0x00, 0x01, 0x70, 0x00, 0x01, 0x07, 0x00,
    0x01, 0xF0, 0x00, 0x00, 0x03, 0x01, 0x07, 0x00, 0x05, 0xFF, 0xFF, 0xFF,
    0xF7, 0x7F, 0x00, 0x01, 0xF0, 0x00, 0x00, 0x03, 0x01, 0x0F, 0x00, 0x05,
    0xFF, 0xFF, 0xFF, 0xFF, 0xFF, 0x00, 0x01, 0x07, 0x00, 0x00, 0x03, 0x01,
    0x0F, 0x00, 0x05, 0xFF, 0xFF, 0xFF, 0xFF, 0xFF, 0x00, 0x01, 0x0F, 0x00,
    0x00, 0x04, 0x04, 0xFF, 0xFF, 0xFF, 0xFF, 0x01, 0x01, 0x7F, 0x00, 0x00,
    0x00, 0x01, 0x07, 0x02, 0x01, 0x07, 0x00, 0x03, 0xFF, 0xFF, 0xFF, 0x00,
    0x01, 0xF0, 0x00, 0x02, 0x77, 0xFF, 0x00, 0x00, 0x00, 0x01, 0x7F, 0x00,
    0x01, 0x70, 0x00, 0x01, 0x07, 0x00, 0x03, 0x7F, 0xFF, 0xFF, 0x01, 0x02,
    0xF7, 0xFF, 0x00, 0x00, 0x00, 0x01, 0x0F, 0x00, 0x04, 0xF7, 0x7F, 0xFF,
    0xFF, 0x00, 0x01, 0xF0, 0x00, 0x02, 0x77, 0xFF, 0x00, 0x00, 0x00, 0x01,
    0x0F, 0x00, 0x06, 0xFF, 0xFF, 0xFF, 0xFF, 0xF7, 0xFF, 0x00, 0x01, 0xF0,
    0x00, 0x00, 0x01, 0x01, 0x0F, 0x00, 0x01, 0xFF, 0x01, 0x01, 0x0F, 0x00,
    0x01, 0xFF, 0x00, 0x01, 0xF0, 0x00, 0x00, 0x03, 0x01, 0x07, 0x00, 0x01,
    0x7F, 0x00, 0x01, 0xF0, 0x00, 0x00, 0x04, 0x01, 0xF0, 0x00, 0x00,
};

unsigned char chopper_side_10_o[] = {
    22, 16,  /* width_px, height_px; rest is RLE rows */
    0x08, 0x01, 0x77, 0x00, 0x01, 0x70, 0x00, 0x00, 0x05, 0x01, 0x77, 0x01,
    0x01, 0x07, 0x00, 0x01, 0xF0, 0x00, 0x01, 0xF7, 0x00, 0x00, 0x04, 0x03,
    0x77, 0xFF, 0x77, 0x00, 0x01, 0x70, 0x02, 0x01, 0x70, 0x00, 0x00, 0x04,
    0x01, 0x0F, 0x00, 0x02, 0xFF, 0xFF, 0x00, 0x01, 0xF0, 0x01, 0x01, 0x07,
    0x00, 0x01, 0xF0, 0x00, 0x00, 0x04, 0x01, 0x0F, 0x00, 0x03, 0xFF, 0xFF,
    0xF7, 0x01, 0x01, 0x7F, 0x00, 0x00, 0x04, 0x06, 0x7F, 0xFF, 0xFF, 0xFF,
    0x77, 0xFF, 0x00, 0x00, 0x04, 0x05, 0xFF, 0xFF, 0xFF, 0xFF, 0xFF, 0x00,
    0x01, 0xF0, 0x00, 0x01, 0x70, 0x00, 0x00, 0x04, 0x05, 0xFF, 0xFF, 0xFF,
    0xFF, 0xFF, 0x00, 0x01, 0xF0, 0x00, 0x01, 0xF0, 0x00, 0x00, 0x04, 0x01,
    0x0F, 0x00, 0x03, 0xFF, 0xFF, 0xFF, 0x00, 0x01, 0xF0, 0x00, 0x01, 0x07,
    0x00, 0x01, 0xF0, 0x00, 0x00, 0x01, 0x01, 0x70, 0x02, 0x04, 0x7F, 0xFF,
    0xFF, 0xFF, 0x00, 0x01, 0x07, 0x00, 0x01, 0x7F, 0x00, 0x01, 0xF0, 0x00,
    0x00, 0x00, 0x01, 0x07, 0x00, 0x01, 0xF7, 0x01, 0x03, 0x77, 0xFF, 0xFF,
    0x00, 0x01, 0xF0, 0x00, 0x01, 0x0F, 0x00, 0x01, 0x7F, 0x00, 0x01, 0xF0,
    0x00, 0x00, 0x01, 0x05, 0xFF, 0x77, 0xFF, 0xFF, 0xFF, 0x00, 0x01, 0x07,
    0x00, 0x01, 0x7F, 0x00, 0x01, 0xF0, 0x00, 0x00, 0x01, 0x07, 0xFF, 0xFF,
    0xFF, 0xFF, 0xFF, 0x7F, 0xFF, 0x00, 0x00, 0x02, 0x01, 0xFF, 0x00, 0x01,
    0xF0, 0x01, 0x02, 0xFF, 0xFF, 0x00, 0x00, 0x04, 0x02, 0x77, 0xFF, 0x00,
    0x00, 0x04, 0x01, 0x0F, 0x00, 0x00,
};

/* chopperSide_10 horizontally flipped; even/odd pre-shifts for blit_rle_m8. */
unsigned char chopper_side_10_fe[] = {
    20, 16,  /* width_px, height_px; rest is RLE rows */
    0x01, 0x01, 0x77, 0x00, 0x01, 0x70, 0x00, 0x00, 0x00, 0x01, 0x07, 0x00,
    0x01, 0xF0, 0x00, 0x01, 0xF7, 0x01, 0x01, 0x07, 0x00, 0x01, 0x70, 0x00,
    0x00, 0x00, 0x01, 0x70, 0x02, 0x03, 0x77, 0x7F, 0xF7, 0x00, 0x01, 0x70,
    0x00, 0x00, 0x00, 0x01, 0xF7, 0x02, 0x03, 0xFF, 0xFF, 0xFF, 0x00, 0x00,
    0x00, 0x01, 0x0F, 0x00, 0x01, 0x70, 0x00, 0x01, 0x07, 0x00, 0x03, 0xFF,
    0xFF, 0xFF, 0x00, 0x00, 0x00, 0x01, 0x0F, 0x00, 0x05, 0xF7, 0x7F, 0xFF,
    0xFF, 0xFF, 0x00, 0x01, 0x70, 0x00, 0x00, 0x00, 0x01, 0x70, 0x00, 0x05,
    0xFF, 0xFF, 0xFF, 0xFF, 0xFF, 0x00, 0x01, 0xF0, 0x00, 0x00, 0x00, 0x01,
    0xF0, 0x00, 0x05, 0xFF, 0xFF, 0xFF, 0xFF, 0xFF, 0x00, 0x01, 0xF0, 0x00,
    0x00, 0x00, 0x01, 0xF7, 0x01, 0x04, 0xFF, 0xFF, 0xFF, 0xFF, 0x00, 0x00,
    0x00, 0x02, 0xFF, 0x77, 0x00, 0x01, 0x0F, 0x00, 0x03, 0xFF, 0xFF, 0xFF,
    0x00, 0x01, 0x70, 0x02, 0x01, 0x70, 0x00, 0x00, 0x01, 0x02, 0xFF, 0x7F,
    0x01, 0x03, 0xFF, 0xFF, 0xF7, 0x00, 0x01, 0x70, 0x00, 0x01, 0x07, 0x00,
    0x01, 0xF7, 0x00, 0x00, 0x02, 0x02, 0xFF, 0x77, 0x00, 0x01, 0x0F, 0x00,
    0x04, 0xFF, 0xFF, 0xF7, 0x7F, 0x00, 0x01, 0xF0, 0x00, 0x00, 0x02, 0x01,
    0x0F, 0x00, 0x06, 0xFF, 0x7F, 0xFF, 0xFF, 0xFF, 0xFF, 0x00, 0x01, 0xF0,
    0x00, 0x00, 0x03, 0x01, 0x0F, 0x00, 0x01, 0xFF, 0x00, 0x01, 0xF0, 0x01,
    0x01, 0xFF, 0x00, 0x01, 0xF0, 0x00, 0x00, 0x04, 0x01, 0x0F, 0x00, 0x01,
    0xF7, 0x00, 0x01, 0x70, 0x00, 0x00, 0x05, 0x01, 0x0F, 0x00, 0x00,
};

unsigned char chopper_side_10_fo[] = {
    22, 16,  /* width_px, height_px; rest is RLE rows */
    0x01, 0x01, 0x07, 0x00, 0x01, 0x77, 0x00, 0x00, 0x01, 0x01, 0x7F, 0x00,
    0x01, 0x0F, 0x00, 0x01, 0x70, 0x01, 0x01, 0x77, 0x00, 0x00, 0x00, 0x01,
    0x07, 0x02, 0x01, 0x07, 0x00, 0x03, 0x77, 0xFF, 0x77, 0x00, 0x00, 0x00,
    0x01, 0x0F, 0x00, 0x01, 0x70, 0x01, 0x01, 0x0F, 0x00, 0x02, 0xFF, 0xFF,
    0x00, 0x01, 0xF0, 0x00, 0x00, 0x01, 0x01, 0xF7, 0x01, 0x03, 0x7F, 0xFF,
    0xFF, 0x00, 0x01, 0xF0, 0x00, 0x00, 0x01, 0x06, 0xFF, 0x77, 0xFF, 0xFF,
    0xFF, 0xF7, 0x00, 0x00, 0x00, 0x01, 0x07, 0x00, 0x01, 0x0F, 0x00, 0x05,
    0xFF, 0xFF, 0xFF, 0xFF, 0xFF, 0x00, 0x00, 0x00, 0x01, 0x0F, 0x00, 0x01,
    0x0F, 0x00, 0x05, 0xFF, 0xFF, 0xFF, 0xFF, 0xFF, 0x00, 0x00, 0x00, 0x01,
    0x0F, 0x00, 0x01, 0x70, 0x00, 0x01, 0x0F, 0x00, 0x03, 0xFF, 0xFF, 0xFF,
    0x00, 0x01, 0xF0, 0x00, 0x00, 0x00, 0x01, 0x0F, 0x00, 0x01, 0xF7, 0x00,
    0x01, 0x70, 0x00, 0x04, 0xFF, 0xFF, 0xFF, 0xF7, 0x02, 0x01, 0x07, 0x00,
    0x00, 0x01, 0x01, 0x0F, 0x00, 0x01, 0xF7, 0x00, 0x01, 0xF0, 0x00, 0x01,
    0x0F, 0x00, 0x03, 0xFF, 0xFF, 0x77, 0x01, 0x01, 0x7F, 0x00, 0x01, 0x70,
    0x00, 0x00, 0x02, 0x01, 0x0F, 0x00, 0x01, 0xF7, 0x00, 0x01, 0x70, 0x00,
    0x05, 0xFF, 0xFF, 0xFF, 0x77, 0xFF, 0x00, 0x00, 0x03, 0x07, 0xFF, 0xF7,
    0xFF, 0xFF, 0xFF, 0xFF, 0xFF, 0x00, 0x00, 0x04, 0x02, 0xFF, 0xFF, 0x01,
    0x01, 0x0F, 0x00, 0x01, 0xFF, 0x00, 0x00, 0x05, 0x02, 0xFF, 0x77, 0x00,
    0x00, 0x06, 0x01, 0xF0, 0x00, 0x00,
};

/* chopperHeadOn_00: Apple 12x13 -> PCjr 8x13 even / 10x13 odd; coverage-OR X.
 *   ...+++..
 *   ...===..
 *   ...===..
 *   .++===+.
 *   .=....=+
 *   .=.....=
 *   +=.....=
 *   ==+++++=
 *   .=======
 *   ..====..
 *   .+=..=++
 *   +=....==
 *   ==....==
 */
unsigned char chopper_head_00_e[] = {
    8, 13,  /* width_px, height_px; rest is RLE rows */
    0x01, 0x01, 0x07, 0x00, 0x01, 0x77, 0x00, 0x00, 0x01, 0x01, 0x0F, 0x00,
    0x01, 0xFF, 0x00, 0x00, 0x01, 0x01, 0x0F, 0x00, 0x01, 0xFF, 0x00, 0x00,
    0x00, 0x01, 0x07, 0x00, 0x02, 0x7F, 0xFF, 0x00, 0x01, 0x70, 0x00, 0x00,
    0x00, 0x01, 0x0F, 0x02, 0x01, 0xF7, 0x00, 0x00, 0x00, 0x01, 0x0F, 0x02,
    0x01, 0x0F, 0x00, 0x00, 0x00, 0x01, 0x7F, 0x02, 0x01, 0x0F, 0x00, 0x00,
    0x00, 0x04, 0xFF, 0x77, 0x77, 0x7F, 0x00, 0x00, 0x00, 0x01, 0x0F, 0x00,
    0x03, 0xFF, 0xFF, 0xFF, 0x00, 0x00, 0x01, 0x02, 0xFF, 0xFF, 0x00, 0x00,
    0x00, 0x01, 0x07, 0x00, 0x01, 0xF0, 0x00, 0x01, 0x0F, 0x00, 0x01, 0x77,
    0x00, 0x00, 0x00, 0x01, 0x7F, 0x02, 0x01, 0xFF, 0x00, 0x00, 0x00, 0x01,
    0xFF, 0x02, 0x01, 0xFF, 0x00, 0x00,
};

unsigned char chopper_head_00_o[] = {
    10, 13,  /* width_px, height_px; rest is RLE rows */
    0x02, 0x01, 0x77, 0x00, 0x01, 0x70, 0x00, 0x00, 0x02, 0x01, 0xFF, 0x00,
    0x01, 0xF0, 0x00, 0x00, 0x02, 0x01, 0xFF, 0x00, 0x01, 0xF0, 0x00, 0x00,
    0x01, 0x03, 0x77, 0xFF, 0xF7, 0x00, 0x00, 0x01, 0x01, 0xF0, 0x01, 0x01,
    0x0F, 0x00, 0x01, 0x70, 0x00, 0x00, 0x01, 0x01, 0xF0, 0x02, 0x01, 0xF0,
    0x00, 0x00, 0x00, 0x01, 0x07, 0x00, 0x01, 0xF0, 0x02, 0x01, 0xF0, 0x00,
    0x00, 0x00, 0x01, 0x0F, 0x00, 0x03, 0xF7, 0x77, 0x77, 0x00, 0x01, 0xF0,
    0x00, 0x00, 0x01, 0x03, 0xFF, 0xFF, 0xFF, 0x00, 0x01, 0xF0, 0x00, 0x00,
    0x01, 0x01, 0x0F, 0x00, 0x01, 0xFF, 0x00, 0x01, 0xF0, 0x00, 0x00, 0x01,
    0x01, 0x7F, 0x01, 0x01, 0xF7, 0x00, 0x01, 0x70, 0x00, 0x00, 0x00, 0x01,
    0x07, 0x00, 0x01, 0xF0, 0x01, 0x01, 0x0F, 0x00, 0x01, 0xF0, 0x00, 0x00,
    0x00, 0x01, 0x0F, 0x00, 0x01, 0xF0, 0x01, 0x01, 0x0F, 0x00, 0x01, 0xF0,
    0x00, 0x00,
};

/* chopperHeadOn_00 horizontally flipped; even/odd pre-shifts for blit_rle_m8. */
unsigned char chopper_head_00_fe[] = {
    8, 13,  /* width_px, height_px; rest is RLE rows */
    0x01, 0x01, 0x77, 0x00, 0x01, 0x70, 0x00, 0x00, 0x01, 0x01, 0xFF, 0x00,
    0x01, 0xF0, 0x00, 0x00, 0x01, 0x01, 0xFF, 0x00, 0x01, 0xF0, 0x00, 0x00,
    0x00, 0x01, 0x07, 0x00, 0x02, 0xFF, 0xF7, 0x00, 0x01, 0x70, 0x00, 0x00,
    0x00, 0x01, 0x7F, 0x02, 0x01, 0xF0, 0x00, 0x00, 0x00, 0x01, 0xF0, 0x02,
    0x01, 0xF0, 0x00, 0x00, 0x00, 0x01, 0xF0, 0x02, 0x01, 0xF7, 0x00, 0x00,
    0x00, 0x04, 0xF7, 0x77, 0x77, 0xFF, 0x00, 0x00, 0x00, 0x03, 0xFF, 0xFF,
    0xFF, 0x00, 0x01, 0xF0, 0x00, 0x00, 0x01, 0x02, 0xFF, 0xFF, 0x00, 0x00,
    0x00, 0x01, 0x77, 0x00, 0x01, 0xF0, 0x00, 0x01, 0x0F, 0x00, 0x01, 0x70,
    0x00, 0x00, 0x00, 0x01, 0xFF, 0x02, 0x01, 0xF7, 0x00, 0x00, 0x00, 0x01,
    0xFF, 0x02, 0x01, 0xFF, 0x00, 0x00,
};

unsigned char chopper_head_00_fo[] = {
    10, 13,  /* width_px, height_px; rest is RLE rows */
    0x01, 0x01, 0x07, 0x00, 0x01, 0x77, 0x00, 0x00, 0x01, 0x01, 0x0F, 0x00,
    0x01, 0xFF, 0x00, 0x00, 0x01, 0x01, 0x0F, 0x00, 0x01, 0xFF, 0x00, 0x00,
    0x01, 0x03, 0x7F, 0xFF, 0x77, 0x00, 0x00, 0x00, 0x01, 0x07, 0x00, 0x01,
    0xF0, 0x01, 0x01, 0x0F, 0x00, 0x00, 0x00, 0x01, 0x0F, 0x02, 0x01, 0x0F,
    0x00, 0x00, 0x00, 0x01, 0x0F, 0x02, 0x01, 0x0F, 0x00, 0x01, 0x70, 0x00,
    0x00, 0x00, 0x01, 0x0F, 0x00, 0x03, 0x77, 0x77, 0x7F, 0x00, 0x01, 0xF0,
    0x00, 0x00, 0x00, 0x01, 0x0F, 0x00, 0x03, 0xFF, 0xFF, 0xFF, 0x00, 0x00,
    0x01, 0x01, 0x0F, 0x00, 0x01, 0xFF, 0x00, 0x01, 0xF0, 0x00, 0x00, 0x00,
    0x01, 0x07, 0x00, 0x01, 0x7F, 0x01, 0x01, 0xF7, 0x00, 0x00, 0x00, 0x01,
    0x0F, 0x00, 0x01, 0xF0, 0x01, 0x01, 0x0F, 0x00, 0x01, 0x70, 0x00, 0x00,
    0x00, 0x01, 0x0F, 0x00, 0x01, 0xF0, 0x01, 0x01, 0x0F, 0x00, 0x01, 0xF0,
    0x00, 0x00,
};

/* chopperHeadOn_01: Apple 12x13 -> PCjr 8x13 even / 10x13 odd; coverage-OR X.
 *   ...+++..
 *   ...===..
 *   ...===..
 *   +++===+.
 *   ====..=+
 *   .==....=
 *   .==....=
 *   .==++++=
 *   .=======
 *   ..====..
 *   .+==.=++
 *   +==..===
 *   ===..===
 */
unsigned char chopper_head_01_e[] = {
    8, 13,  /* width_px, height_px; rest is RLE rows */
    0x01, 0x01, 0x07, 0x00, 0x01, 0x77, 0x00, 0x00, 0x01, 0x01, 0x0F, 0x00,
    0x01, 0xFF, 0x00, 0x00, 0x01, 0x01, 0x0F, 0x00, 0x01, 0xFF, 0x00, 0x00,
    0x00, 0x03, 0x77, 0x7F, 0xFF, 0x00, 0x01, 0x70, 0x00, 0x00, 0x00, 0x02,
    0xFF, 0xFF, 0x01, 0x01, 0xF7, 0x00, 0x00, 0x00, 0x01, 0x0F, 0x00, 0x01,
    0xF0, 0x01, 0x01, 0x0F, 0x00, 0x00, 0x00, 0x01, 0x0F, 0x00, 0x01, 0xF0,
    0x01, 0x01, 0x0F, 0x00, 0x00, 0x00, 0x01, 0x0F, 0x00, 0x03, 0xF7, 0x77,
    0x7F, 0x00, 0x00, 0x00, 0x01, 0x0F, 0x00, 0x03, 0xFF, 0xFF, 0xFF, 0x00,
    0x00, 0x01, 0x02, 0xFF, 0xFF, 0x00, 0x00, 0x00, 0x01, 0x07, 0x00, 0x01,
    0xFF, 0x00, 0x01, 0x0F, 0x00, 0x01, 0x77, 0x00, 0x00, 0x00, 0x01, 0x7F,
    0x00, 0x01, 0xF0, 0x00, 0x01, 0x0F, 0x00, 0x01, 0xFF, 0x00, 0x00, 0x00,
    0x01, 0xFF, 0x00, 0x01, 0xF0, 0x00, 0x01, 0x0F, 0x00, 0x01, 0xFF, 0x00,
    0x00,
};

unsigned char chopper_head_01_o[] = {
    10, 13,  /* width_px, height_px; rest is RLE rows */
    0x02, 0x01, 0x77, 0x00, 0x01, 0x70, 0x00, 0x00, 0x02, 0x01, 0xFF, 0x00,
    0x01, 0xF0, 0x00, 0x00, 0x02, 0x01, 0xFF, 0x00, 0x01, 0xF0, 0x00, 0x00,
    0x00, 0x01, 0x07, 0x00, 0x03, 0x77, 0xFF, 0xF7, 0x00, 0x00, 0x00, 0x01,
    0x0F, 0x00, 0x01, 0xFF, 0x00, 0x01, 0xF0, 0x00, 0x01, 0x0F, 0x00, 0x01,
    0x70, 0x00, 0x00, 0x01, 0x01, 0xFF, 0x02, 0x01, 0xF0, 0x00, 0x00, 0x01,
    0x01, 0xFF, 0x02, 0x01, 0xF0, 0x00, 0x00, 0x01, 0x03, 0xFF, 0x77, 0x77,
    0x00, 0x01, 0xF0, 0x00, 0x00, 0x01, 0x03, 0xFF, 0xFF, 0xFF, 0x00, 0x01,
    0xF0, 0x00, 0x00, 0x01, 0x01, 0x0F, 0x00, 0x01, 0xFF, 0x00, 0x01, 0xF0,
    0x00, 0x00, 0x01, 0x01, 0x7F, 0x00, 0x01, 0xF0, 0x00, 0x01, 0xF7, 0x00,
    0x01, 0x70, 0x00, 0x00, 0x00, 0x01, 0x07, 0x00, 0x01, 0xFF, 0x01, 0x01,
    0xFF, 0x00, 0x01, 0xF0, 0x00, 0x00, 0x00, 0x01, 0x0F, 0x00, 0x01, 0xFF,
    0x01, 0x01, 0xFF, 0x00, 0x01, 0xF0, 0x00, 0x00,
};

/* chopperHeadOn_01 horizontally flipped; even/odd pre-shifts for blit_rle_m8. */
unsigned char chopper_head_01_fe[] = {
    8, 13,  /* width_px, height_px; rest is RLE rows */
    0x01, 0x01, 0x77, 0x00, 0x01, 0x70, 0x00, 0x00, 0x01, 0x01, 0xFF, 0x00,
    0x01, 0xF0, 0x00, 0x00, 0x01, 0x01, 0xFF, 0x00, 0x01, 0xF0, 0x00, 0x00,
    0x00, 0x01, 0x07, 0x00, 0x03, 0xFF, 0xF7, 0x77, 0x00, 0x00, 0x00, 0x01,
    0x7F, 0x01, 0x02, 0xFF, 0xFF, 0x00, 0x00, 0x00, 0x01, 0xF0, 0x01, 0x01,
    0x0F, 0x00, 0x01, 0xF0, 0x00, 0x00, 0x00, 0x01, 0xF0, 0x01, 0x01, 0x0F,
    0x00, 0x01, 0xF0, 0x00, 0x00, 0x00, 0x03, 0xF7, 0x77, 0x7F, 0x00, 0x01,
    0xF0, 0x00, 0x00, 0x00, 0x03, 0xFF, 0xFF, 0xFF, 0x00, 0x01, 0xF0, 0x00,
    0x00, 0x01, 0x02, 0xFF, 0xFF, 0x00, 0x00, 0x00, 0x01, 0x77, 0x00, 0x01,
    0xF0, 0x00, 0x01, 0xFF, 0x00, 0x01, 0x70, 0x00, 0x00, 0x00, 0x01, 0xFF,
    0x00, 0x01, 0xF0, 0x00, 0x01, 0x0F, 0x00, 0x01, 0xF7, 0x00, 0x00, 0x00,
    0x01, 0xFF, 0x00, 0x01, 0xF0, 0x00, 0x01, 0x0F, 0x00, 0x01, 0xFF, 0x00,
    0x00,
};

unsigned char chopper_head_01_fo[] = {
    10, 13,  /* width_px, height_px; rest is RLE rows */
    0x01, 0x01, 0x07, 0x00, 0x01, 0x77, 0x00, 0x00, 0x01, 0x01, 0x0F, 0x00,
    0x01, 0xFF, 0x00, 0x00, 0x01, 0x01, 0x0F, 0x00, 0x01, 0xFF, 0x00, 0x00,
    0x01, 0x03, 0x7F, 0xFF, 0x77, 0x00, 0x01, 0x70, 0x00, 0x00, 0x00, 0x01,
    0x07, 0x00, 0x01, 0xF0, 0x00, 0x01, 0x0F, 0x00, 0x01, 0xFF, 0x00, 0x01,
    0xF0, 0x00, 0x00, 0x00, 0x01, 0x0F, 0x02, 0x01, 0xFF, 0x00, 0x00, 0x00,
    0x01, 0x0F, 0x02, 0x01, 0xFF, 0x00, 0x00, 0x00, 0x01, 0x0F, 0x00, 0x03,
    0x77, 0x77, 0xFF, 0x00, 0x00, 0x00, 0x01, 0x0F, 0x00, 0x03, 0xFF, 0xFF,
    0xFF, 0x00, 0x00, 0x01, 0x01, 0x0F, 0x00, 0x01, 0xFF, 0x00, 0x01, 0xF0,
    0x00, 0x00, 0x00, 0x01, 0x07, 0x00, 0x01, 0x7F, 0x00, 0x01, 0x0F, 0x00,
    0x01, 0xF7, 0x00, 0x00, 0x00, 0x01, 0x0F, 0x00, 0x01, 0xFF, 0x01, 0x01,
    0xFF, 0x00, 0x01, 0x70, 0x00, 0x00, 0x00, 0x01, 0x0F, 0x00, 0x01, 0xFF,
    0x01, 0x01, 0xFF, 0x00, 0x01, 0xF0, 0x00, 0x00,
};

/* chopperHeadOn_02: Apple 18x13 -> PCjr 10x13 even / 12x13 odd; coverage-OR X.
 *   ....+++...
 *   .+..===...
 *   .=..===...
 *   +=.+===++.
 *   ==.===..=.
 *   ==+==...=+
 *   .====....=
 *   .====++++=
 *   .=========
 *   ..=======.
 *   ...==.===+
 *   ..+==+====
 *   ..========
 */
unsigned char chopper_head_02_e[] = {
    10, 13,  /* width_px, height_px; rest is RLE rows */
    0x02, 0x01, 0x77, 0x00, 0x01, 0x70, 0x00, 0x00, 0x00, 0x01, 0x07, 0x01,
    0x01, 0xFF, 0x00, 0x01, 0xF0, 0x00, 0x00, 0x00, 0x01, 0x0F, 0x01, 0x01,
    0xFF, 0x00, 0x01, 0xF0, 0x00, 0x00, 0x00, 0x01, 0x7F, 0x00, 0x01, 0x07,
    0x00, 0x02, 0xFF, 0xF7, 0x00, 0x01, 0x70, 0x00, 0x00, 0x00, 0x01, 0xFF,
    0x00, 0x01, 0x0F, 0x00, 0x01, 0xFF, 0x01, 0x01, 0xF0, 0x00, 0x00, 0x00,
    0x02, 0xFF, 0x7F, 0x00, 0x01, 0xF0, 0x01, 0x01, 0xF7, 0x00, 0x00, 0x00,
    0x01, 0x0F, 0x00, 0x01, 0xFF, 0x00, 0x01, 0xF0, 0x01, 0x01, 0x0F, 0x00,
    0x00, 0x00, 0x01, 0x0F, 0x00, 0x04, 0xFF, 0xF7, 0x77, 0x7F, 0x00, 0x00,
    0x00, 0x01, 0x0F, 0x00, 0x04, 0xFF, 0xFF, 0xFF, 0xFF, 0x00, 0x00, 0x01,
    0x03, 0xFF, 0xFF, 0xFF, 0x00, 0x01, 0xF0, 0x00, 0x00, 0x01, 0x01, 0x0F,
    0x00, 0x01, 0xF0, 0x00, 0x02, 0xFF, 0xF7, 0x00, 0x00, 0x01, 0x04, 0x7F,
    0xF7, 0xFF, 0xFF, 0x00, 0x00, 0x01, 0x04, 0xFF, 0xFF, 0xFF, 0xFF, 0x00,
    0x00,
};

unsigned char chopper_head_02_o[] = {
    12, 13,  /* width_px, height_px; rest is RLE rows */
    0x02, 0x01, 0x07, 0x00, 0x01, 0x77, 0x00, 0x00, 0x01, 0x01, 0x70, 0x00,
    0x01, 0x0F, 0x00, 0x01, 0xFF, 0x00, 0x00, 0x01, 0x01, 0xF0, 0x00, 0x01,
    0x0F, 0x00, 0x01, 0xFF, 0x00, 0x00, 0x00, 0x01, 0x07, 0x00, 0x01, 0xF0,
    0x00, 0x03, 0x7F, 0xFF, 0x77, 0x00, 0x00, 0x00, 0x01, 0x0F, 0x00, 0x01,
    0xF0, 0x00, 0x01, 0xFF, 0x00, 0x01, 0xF0, 0x00, 0x01, 0x0F, 0x00, 0x00,
    0x00, 0x01, 0x0F, 0x00, 0x02, 0xF7, 0xFF, 0x01, 0x01, 0x0F, 0x00, 0x01,
    0x70, 0x00, 0x00, 0x01, 0x02, 0xFF, 0xFF, 0x02, 0x01, 0xF0, 0x00, 0x00,
    0x01, 0x04, 0xFF, 0xFF, 0x77, 0x77, 0x00, 0x01, 0xF0, 0x00, 0x00, 0x01,
    0x04, 0xFF, 0xFF, 0xFF, 0xFF, 0x00, 0x01, 0xF0, 0x00, 0x00, 0x01, 0x01,
    0x0F, 0x00, 0x03, 0xFF, 0xFF, 0xFF, 0x00, 0x00, 0x02, 0x01, 0xFF, 0x00,
    0x01, 0x0F, 0x00, 0x01, 0xFF, 0x00, 0x01, 0x70, 0x00, 0x00, 0x01, 0x01,
    0x07, 0x00, 0x03, 0xFF, 0x7F, 0xFF, 0x00, 0x01, 0xF0, 0x00, 0x00, 0x01,
    0x01, 0x0F, 0x00, 0x03, 0xFF, 0xFF, 0xFF, 0x00, 0x01, 0xF0, 0x00, 0x00,
};

/* chopperHeadOn_02 horizontally flipped; even/odd pre-shifts for blit_rle_m8. */
unsigned char chopper_head_02_fe[] = {
    10, 13,  /* width_px, height_px; rest is RLE rows */
    0x01, 0x01, 0x07, 0x00, 0x01, 0x77, 0x00, 0x00, 0x01, 0x01, 0x0F, 0x00,
    0x01, 0xFF, 0x01, 0x01, 0x70, 0x00, 0x00, 0x01, 0x01, 0x0F, 0x00, 0x01,
    0xFF, 0x01, 0x01, 0xF0, 0x00, 0x00, 0x00, 0x01, 0x07, 0x00, 0x02, 0x7F,
    0xFF, 0x00, 0x01, 0x70, 0x00, 0x01, 0xF7, 0x00, 0x00, 0x00, 0x01, 0x0F,
    0x01, 0x01, 0xFF, 0x00, 0x01, 0xF0, 0x00, 0x01, 0xFF, 0x00, 0x00, 0x00,
    0x01, 0x7F, 0x01, 0x01, 0x0F, 0x00, 0x02, 0xF7, 0xFF, 0x00, 0x00, 0x00,
    0x01, 0xF0, 0x01, 0x01, 0x0F, 0x00, 0x01, 0xFF, 0x00, 0x01, 0xF0, 0x00,
    0x00, 0x00, 0x04, 0xF7, 0x77, 0x7F, 0xFF, 0x00, 0x01, 0xF0, 0x00, 0x00,
    0x00, 0x04, 0xFF, 0xFF, 0xFF, 0xFF, 0x00, 0x01, 0xF0, 0x00, 0x00, 0x00,
    0x01, 0x0F, 0x00, 0x03, 0xFF, 0xFF, 0xFF, 0x00, 0x00, 0x00, 0x02, 0x7F,
    0xFF, 0x00, 0x01, 0x0F, 0x00, 0x01, 0xF0, 0x00, 0x00, 0x00, 0x04, 0xFF,
    0xFF, 0x7F, 0xF7, 0x00, 0x00, 0x00, 0x04, 0xFF, 0xFF, 0xFF, 0xFF, 0x00,
    0x00,
};

unsigned char chopper_head_02_fo[] = {
    12, 13,  /* width_px, height_px; rest is RLE rows */
    0x02, 0x01, 0x77, 0x00, 0x01, 0x70, 0x00, 0x00, 0x02, 0x01, 0xFF, 0x00,
    0x01, 0xF0, 0x00, 0x01, 0x07, 0x00, 0x00, 0x02, 0x01, 0xFF, 0x00, 0x01,
    0xF0, 0x00, 0x01, 0x0F, 0x00, 0x00, 0x01, 0x03, 0x77, 0xFF, 0xF7, 0x00,
    0x01, 0x0F, 0x00, 0x01, 0x70, 0x00, 0x00, 0x01, 0x01, 0xF0, 0x00, 0x01,
    0x0F, 0x00, 0x01, 0xFF, 0x00, 0x01, 0x0F, 0x00, 0x01, 0xF0, 0x00, 0x00,
    0x00, 0x01, 0x07, 0x00, 0x01, 0xF0, 0x01, 0x02, 0xFF, 0x7F, 0x00, 0x01,
    0xF0, 0x00, 0x00, 0x00, 0x01, 0x0F, 0x02, 0x02, 0xFF, 0xFF, 0x00, 0x00,
    0x00, 0x01, 0x0F, 0x00, 0x04, 0x77, 0x77, 0xFF, 0xFF, 0x00, 0x00, 0x00,
    0x01, 0x0F, 0x00, 0x04, 0xFF, 0xFF, 0xFF, 0xFF, 0x00, 0x00, 0x01, 0x03,
    0xFF, 0xFF, 0xFF, 0x00, 0x01, 0xF0, 0x00, 0x00, 0x00, 0x01, 0x07, 0x00,
    0x01, 0xFF, 0x00, 0x01, 0xF0, 0x00, 0x01, 0xFF, 0x00, 0x00, 0x00, 0x01,
    0x0F, 0x00, 0x03, 0xFF, 0xF7, 0xFF, 0x00, 0x01, 0x70, 0x00, 0x00, 0x00,
    0x01, 0x0F, 0x00, 0x03, 0xFF, 0xFF, 0xFF, 0x00, 0x01, 0xF0, 0x00, 0x00,
};

/* chopperHeadOn_03: Apple 26x13 -> PCjr 14x13 even / 16x13 odd; coverage-OR X.
 *   ......+++.....
 *   ......===.....
 *   +....+===+....
 *   .+...=====+++.
 *   .=+..=====..=.
 *   .==..====...=+
 *   .==++====....=
 *   ..=======++++=
 *   ..============
 *   ...==========.
 *   .....==..====+
 *   ....+==++=====
 *   ....=========.
 */
unsigned char chopper_head_03_e[] = {
    14, 13,  /* width_px, height_px; rest is RLE rows */
    0x03, 0x01, 0x77, 0x00, 0x01, 0x70, 0x00, 0x00, 0x03, 0x01, 0xFF, 0x00,
    0x01, 0xF0, 0x00, 0x00, 0x00, 0x01, 0x70, 0x01, 0x01, 0x07, 0x00, 0x02,
    0xFF, 0xF7, 0x00, 0x00, 0x00, 0x01, 0x07, 0x01, 0x01, 0x0F, 0x00, 0x03,
    0xFF, 0xFF, 0x77, 0x00, 0x01, 0x70, 0x00, 0x00, 0x00, 0x01, 0x0F, 0x00,
    0x01, 0x70, 0x00, 0x01, 0x0F, 0x00, 0x02, 0xFF, 0xFF, 0x01, 0x01, 0xF0,
    0x00, 0x00, 0x00, 0x01, 0x0F, 0x00, 0x01, 0xF0, 0x00, 0x01, 0x0F, 0x00,
    0x01, 0xFF, 0x00, 0x01, 0xF0, 0x01, 0x01, 0xF7, 0x00, 0x00, 0x00, 0x01,
    0x0F, 0x00, 0x03, 0xF7, 0x7F, 0xFF, 0x00, 0x01, 0xF0, 0x01, 0x01, 0x0F,
    0x00, 0x00, 0x01, 0x06, 0xFF, 0xFF, 0xFF, 0xF7, 0x77, 0x7F, 0x00, 0x00,
    0x01, 0x06, 0xFF, 0xFF, 0xFF, 0xFF, 0xFF, 0xFF, 0x00, 0x00, 0x01, 0x01,
    0x0F, 0x00, 0x04, 0xFF, 0xFF, 0xFF, 0xFF, 0x00, 0x01, 0xF0, 0x00, 0x00,
    0x02, 0x01, 0x0F, 0x00, 0x01, 0xF0, 0x00, 0x01, 0x0F, 0x00, 0x02, 0xFF,
    0xF7, 0x00, 0x00, 0x02, 0x05, 0x7F, 0xF7, 0x7F, 0xFF, 0xFF, 0x00, 0x00,
    0x02, 0x04, 0xFF, 0xFF, 0xFF, 0xFF, 0x00, 0x01, 0xF0, 0x00, 0x00,
};

unsigned char chopper_head_03_o[] = {
    16, 13,  /* width_px, height_px; rest is RLE rows */
    0x03, 0x01, 0x07, 0x00, 0x01, 0x77, 0x00, 0x00, 0x03, 0x01, 0x0F, 0x00,
    0x01, 0xFF, 0x00, 0x00, 0x00, 0x01, 0x07, 0x02, 0x02, 0x7F, 0xFF, 0x00,
    0x01, 0x70, 0x00, 0x00, 0x01, 0x01, 0x70, 0x01, 0x04, 0xFF, 0xFF, 0xF7,
    0x77, 0x00, 0x00, 0x01, 0x01, 0xF7, 0x01, 0x02, 0xFF, 0xFF, 0x00, 0x01,
    0xF0, 0x00, 0x01, 0x0F, 0x00, 0x00, 0x01, 0x01, 0xFF, 0x01, 0x02, 0xFF,
    0xFF, 0x01, 0x01, 0x0F, 0x00, 0x01, 0x70, 0x00, 0x00, 0x01, 0x04, 0xFF,
    0x77, 0xFF, 0xFF, 0x02, 0x01, 0xF0, 0x00, 0x00, 0x01, 0x01, 0x0F, 0x00,
    0x05, 0xFF, 0xFF, 0xFF, 0x77, 0x77, 0x00, 0x01, 0xF0, 0x00, 0x00, 0x01,
    0x01, 0x0F, 0x00, 0x05, 0xFF, 0xFF, 0xFF, 0xFF, 0xFF, 0x00, 0x01, 0xF0,
    0x00, 0x00, 0x02, 0x05, 0xFF, 0xFF, 0xFF, 0xFF, 0xFF, 0x00, 0x00, 0x03,
    0x01, 0xFF, 0x01, 0x02, 0xFF, 0xFF, 0x00, 0x01, 0x70, 0x00, 0x00, 0x02,
    0x01, 0x07, 0x00, 0x04, 0xFF, 0x77, 0xFF, 0xFF, 0x00, 0x01, 0xF0, 0x00,
    0x00, 0x02, 0x01, 0x0F, 0x00, 0x04, 0xFF, 0xFF, 0xFF, 0xFF, 0x00, 0x00,
};

/* chopperHeadOn_03 horizontally flipped; even/odd pre-shifts for blit_rle_m8. */
unsigned char chopper_head_03_fe[] = {
    14, 13,  /* width_px, height_px; rest is RLE rows */
    0x02, 0x01, 0x07, 0x00, 0x01, 0x77, 0x00, 0x00, 0x02, 0x01, 0x0F, 0x00,
    0x01, 0xFF, 0x00, 0x00, 0x02, 0x02, 0x7F, 0xFF, 0x00, 0x01, 0x70, 0x01,
    0x01, 0x07, 0x00, 0x00, 0x00, 0x01, 0x07, 0x00, 0x03, 0x77, 0xFF, 0xFF,
    0x00, 0x01, 0xF0, 0x01, 0x01, 0x70, 0x00, 0x00, 0x00, 0x01, 0x0F, 0x01,
    0x02, 0xFF, 0xFF, 0x00, 0x01, 0xF0, 0x00, 0x01, 0x07, 0x00, 0x01, 0xF0,
    0x00, 0x00, 0x00, 0x01, 0x7F, 0x01, 0x01, 0x0F, 0x00, 0x01, 0xFF, 0x00,
    0x01, 0xF0, 0x00, 0x01, 0x0F, 0x00, 0x01, 0xF0, 0x00, 0x00, 0x00, 0x01,
    0xF0, 0x01, 0x01, 0x0F, 0x00, 0x03, 0xFF, 0xF7, 0x7F, 0x00, 0x01, 0xF0,
    0x00, 0x00, 0x00, 0x06, 0xF7, 0x77, 0x7F, 0xFF, 0xFF, 0xFF, 0x00, 0x00,
    0x00, 0x06, 0xFF, 0xFF, 0xFF, 0xFF, 0xFF, 0xFF, 0x00, 0x00, 0x00, 0x01,
    0x0F, 0x00, 0x04, 0xFF, 0xFF, 0xFF, 0xFF, 0x00, 0x01, 0xF0, 0x00, 0x00,
    0x00, 0x02, 0x7F, 0xFF, 0x00, 0x01, 0xF0, 0x00, 0x01, 0x0F, 0x00, 0x01,
    0xF0, 0x00, 0x00, 0x00, 0x05, 0xFF, 0xFF, 0xF7, 0x7F, 0xF7, 0x00, 0x00,
    0x00, 0x01, 0x0F, 0x00, 0x04, 0xFF, 0xFF, 0xFF, 0xFF, 0x00, 0x00,
};

unsigned char chopper_head_03_fo[] = {
    16, 13,  /* width_px, height_px; rest is RLE rows */
    0x03, 0x01, 0x77, 0x00, 0x01, 0x70, 0x00, 0x00, 0x03, 0x01, 0xFF, 0x00,
    0x01, 0xF0, 0x00, 0x00, 0x02, 0x01, 0x07, 0x00, 0x02, 0xFF, 0xF7, 0x02,
    0x01, 0x70, 0x00, 0x00, 0x01, 0x04, 0x77, 0x7F, 0xFF, 0xFF, 0x01, 0x01,
    0x07, 0x00, 0x00, 0x01, 0x01, 0xF0, 0x00, 0x01, 0x0F, 0x00, 0x02, 0xFF,
    0xFF, 0x01, 0x01, 0x7F, 0x00, 0x00, 0x00, 0x01, 0x07, 0x00, 0x01, 0xF0,
    0x01, 0x02, 0xFF, 0xFF, 0x01, 0x01, 0xFF, 0x00, 0x00, 0x00, 0x01, 0x0F,
    0x02, 0x04, 0xFF, 0xFF, 0x77, 0xFF, 0x00, 0x00, 0x00, 0x01, 0x0F, 0x00,
    0x05, 0x77, 0x77, 0xFF, 0xFF, 0xFF, 0x00, 0x01, 0xF0, 0x00, 0x00, 0x00,
    0x01, 0x0F, 0x00, 0x05, 0xFF, 0xFF, 0xFF, 0xFF, 0xFF, 0x00, 0x01, 0xF0,
    0x00, 0x00, 0x01, 0x05, 0xFF, 0xFF, 0xFF, 0xFF, 0xFF, 0x00, 0x00, 0x00,
    0x01, 0x07, 0x00, 0x02, 0xFF, 0xFF, 0x01, 0x01, 0xFF, 0x00, 0x00, 0x00,
    0x01, 0x0F, 0x00, 0x04, 0xFF, 0xFF, 0x77, 0xFF, 0x00, 0x01, 0x70, 0x00,
    0x00, 0x01, 0x04, 0xFF, 0xFF, 0xFF, 0xFF, 0x00, 0x01, 0xF0, 0x00, 0x00,
};

/* chopperHeadOn_04: Apple 32x13 -> PCjr 18x13 even / 20x13 odd; coverage-OR X.
 *   ........+++.......
 *   ........===.......
 *   ..+....+===+......
 *   .+....+=====+++++.
 *   .=+...======....=.
 *   +==....=====....=+
 *   .==++++=====.....=
 *   ..==========+++++=
 *   ..===============.
 *   ....============..
 *   .......==..==...++
 *   .....++==++==+++==
 *   .....============.
 */
unsigned char chopper_head_04_e[] = {
    18, 13,  /* width_px, height_px; rest is RLE rows */
    0x04, 0x01, 0x77, 0x00, 0x01, 0x70, 0x00, 0x00, 0x04, 0x01, 0xFF, 0x00,
    0x01, 0xF0, 0x00, 0x00, 0x01, 0x01, 0x70, 0x01, 0x01, 0x07, 0x00, 0x02,
    0xFF, 0xF7, 0x00, 0x00, 0x00, 0x01, 0x07, 0x02, 0x05, 0x7F, 0xFF, 0xFF,
    0x77, 0x77, 0x00, 0x01, 0x70, 0x00, 0x00, 0x00, 0x01, 0x0F, 0x00, 0x01,
    0x70, 0x01, 0x03, 0xFF, 0xFF, 0xFF, 0x02, 0x01, 0xF0, 0x00, 0x00, 0x00,
    0x01, 0x7F, 0x00, 0x01, 0xF0, 0x01, 0x01, 0x0F, 0x00, 0x02, 0xFF, 0xFF,
    0x02, 0x01, 0xF7, 0x00, 0x00, 0x00, 0x01, 0x0F, 0x00, 0x05, 0xF7, 0x77,
    0x7F, 0xFF, 0xFF, 0x02, 0x01, 0x0F, 0x00, 0x00, 0x01, 0x08, 0xFF, 0xFF,
    0xFF, 0xFF, 0xFF, 0x77, 0x77, 0x7F, 0x00, 0x00, 0x01, 0x07, 0xFF, 0xFF,
    0xFF, 0xFF, 0xFF, 0xFF, 0xFF, 0x00, 0x01, 0xF0, 0x00, 0x00, 0x02, 0x06,
    0xFF, 0xFF, 0xFF, 0xFF, 0xFF, 0xFF, 0x00, 0x00, 0x03, 0x01, 0x0F, 0x00,
    0x01, 0xF0, 0x00, 0x01, 0x0F, 0x00, 0x01, 0xF0, 0x01, 0x01, 0x77, 0x00,
    0x00, 0x02, 0x01, 0x07, 0x00, 0x06, 0x7F, 0xF7, 0x7F, 0xF7, 0x77, 0xFF,
    0x00, 0x00, 0x02, 0x01, 0x0F, 0x00, 0x05, 0xFF, 0xFF, 0xFF, 0xFF, 0xFF,
    0x00, 0x01, 0xF0, 0x00, 0x00,
};

unsigned char chopper_head_04_o[] = {
    20, 13,  /* width_px, height_px; rest is RLE rows */
    0x04, 0x01, 0x07, 0x00, 0x01, 0x77, 0x00, 0x00, 0x04, 0x01, 0x0F, 0x00,
    0x01, 0xFF, 0x00, 0x00, 0x01, 0x01, 0x07, 0x02, 0x02, 0x7F, 0xFF, 0x00,
    0x01, 0x70, 0x00, 0x00, 0x01, 0x01, 0x70, 0x01, 0x01, 0x07, 0x00, 0x05,
    0xFF, 0xFF, 0xF7, 0x77, 0x77, 0x00, 0x00, 0x01, 0x01, 0xF7, 0x01, 0x01,
    0x0F, 0x00, 0x02, 0xFF, 0xFF, 0x00, 0x01, 0xF0, 0x01, 0x01, 0x0F, 0x00,
    0x00, 0x00, 0x01, 0x07, 0x00, 0x01, 0xFF, 0x02, 0x02, 0xFF, 0xFF, 0x00,
    0x01, 0xF0, 0x01, 0x01, 0x0F, 0x00, 0x01, 0x70, 0x00, 0x00, 0x01, 0x05,
    0xFF, 0x77, 0x77, 0xFF, 0xFF, 0x00, 0x01, 0xF0, 0x02, 0x01, 0xF0, 0x00,
    0x00, 0x01, 0x01, 0x0F, 0x00, 0x07, 0xFF, 0xFF, 0xFF, 0xFF, 0xF7, 0x77,
    0x77, 0x00, 0x01, 0xF0, 0x00, 0x00, 0x01, 0x01, 0x0F, 0x00, 0x07, 0xFF,
    0xFF, 0xFF, 0xFF, 0xFF, 0xFF, 0xFF, 0x00, 0x00, 0x02, 0x01, 0x0F, 0x00,
    0x05, 0xFF, 0xFF, 0xFF, 0xFF, 0xFF, 0x00, 0x01, 0xF0, 0x00, 0x00, 0x04,
    0x01, 0xFF, 0x01, 0x01, 0xFF, 0x01, 0x01, 0x07, 0x00, 0x01, 0x70, 0x00,
    0x00, 0x03, 0x06, 0x77, 0xFF, 0x77, 0xFF, 0x77, 0x7F, 0x00, 0x01, 0xF0,
    0x00, 0x00, 0x03, 0x06, 0xFF, 0xFF, 0xFF, 0xFF, 0xFF, 0xFF, 0x00, 0x00,
};

/* chopperHeadOn_04 horizontally flipped; even/odd pre-shifts for blit_rle_m8. */
unsigned char chopper_head_04_fe[] = {
    18, 13,  /* width_px, height_px; rest is RLE rows */
    0x03, 0x01, 0x07, 0x00, 0x01, 0x77, 0x00, 0x00, 0x03, 0x01, 0x0F, 0x00,
    0x01, 0xFF, 0x00, 0x00, 0x03, 0x02, 0x7F, 0xFF, 0x00, 0x01, 0x70, 0x01,
    0x01, 0x07, 0x00, 0x00, 0x00, 0x01, 0x07, 0x00, 0x05, 0x77, 0x77, 0xFF,
    0xFF, 0xF7, 0x02, 0x01, 0x70, 0x00, 0x00, 0x00, 0x01, 0x0F, 0x02, 0x03,
    0xFF, 0xFF, 0xFF, 0x01, 0x01, 0x07, 0x00, 0x01, 0xF0, 0x00, 0x00, 0x00,
    0x01, 0x7F, 0x02, 0x02, 0xFF, 0xFF, 0x00, 0x01, 0xF0, 0x01, 0x01, 0x0F,
    0x00, 0x01, 0xF7, 0x00, 0x00, 0x00, 0x01, 0xF0, 0x02, 0x05, 0xFF, 0xFF,
    0xF7, 0x77, 0x7F, 0x00, 0x01, 0xF0, 0x00, 0x00, 0x00, 0x08, 0xF7, 0x77,
    0x77, 0xFF, 0xFF, 0xFF, 0xFF, 0xFF, 0x00, 0x00, 0x00, 0x01, 0x0F, 0x00,
    0x07, 0xFF, 0xFF, 0xFF, 0xFF, 0xFF, 0xFF, 0xFF, 0x00, 0x00, 0x01, 0x06,
    0xFF, 0xFF, 0xFF, 0xFF, 0xFF, 0xFF, 0x00, 0x00, 0x00, 0x01, 0x77, 0x01,
    0x01, 0x0F, 0x00, 0x01, 0xF0, 0x00, 0x01, 0x0F, 0x00, 0x01, 0xF0, 0x00,
    0x00, 0x00, 0x06, 0xFF, 0x77, 0x7F, 0xF7, 0x7F, 0xF7, 0x00, 0x01, 0x70,
    0x00, 0x00, 0x00, 0x01, 0x0F, 0x00, 0x05, 0xFF, 0xFF, 0xFF, 0xFF, 0xFF,
    0x00, 0x01, 0xF0, 0x00, 0x00,
};

unsigned char chopper_head_04_fo[] = {
    20, 13,  /* width_px, height_px; rest is RLE rows */
    0x04, 0x01, 0x77, 0x00, 0x01, 0x70, 0x00, 0x00, 0x04, 0x01, 0xFF, 0x00,
    0x01, 0xF0, 0x00, 0x00, 0x03, 0x01, 0x07, 0x00, 0x02, 0xFF, 0xF7, 0x02,
    0x01, 0x70, 0x00, 0x00, 0x01, 0x05, 0x77, 0x77, 0x7F, 0xFF, 0xFF, 0x00,
    0x01, 0x70, 0x01, 0x01, 0x07, 0x00, 0x00, 0x01, 0x01, 0xF0, 0x01, 0x01,
    0x0F, 0x00, 0x02, 0xFF, 0xFF, 0x00, 0x01, 0xF0, 0x01, 0x01, 0x7F, 0x00,
    0x00, 0x00, 0x01, 0x07, 0x00, 0x01, 0xF0, 0x01, 0x01, 0x0F, 0x00, 0x02,
    0xFF, 0xFF, 0x02, 0x01, 0xFF, 0x00, 0x01, 0x70, 0x00, 0x00, 0x00, 0x01,
    0x0F, 0x02, 0x01, 0x0F, 0x00, 0x05, 0xFF, 0xFF, 0x77, 0x77, 0xFF, 0x00,
    0x00, 0x00, 0x01, 0x0F, 0x00, 0x07, 0x77, 0x77, 0x7F, 0xFF, 0xFF, 0xFF,
    0xFF, 0x00, 0x01, 0xF0, 0x00, 0x00, 0x01, 0x07, 0xFF, 0xFF, 0xFF, 0xFF,
    0xFF, 0xFF, 0xFF, 0x00, 0x01, 0xF0, 0x00, 0x00, 0x01, 0x01, 0x0F, 0x00,
    0x05, 0xFF, 0xFF, 0xFF, 0xFF, 0xFF, 0x00, 0x01, 0xF0, 0x00, 0x00, 0x00,
    0x01, 0x07, 0x00, 0x01, 0x70, 0x01, 0x01, 0xFF, 0x01, 0x01, 0xFF, 0x00,
    0x00, 0x00, 0x01, 0x0F, 0x00, 0x06, 0xF7, 0x77, 0xFF, 0x77, 0xFF, 0x77,
    0x00, 0x00, 0x01, 0x06, 0xFF, 0xFF, 0xFF, 0xFF, 0xFF, 0xFF, 0x00, 0x00,
};

/* mainRotor_00: Apple 38x1 -> PCjr 22x1 even / 24x1 odd; coverage-OR X.
 *   ...===========........
 */
unsigned char main_rotor_00_e[] = {
    22, 1,  /* width_px, height_px; rest is RLE rows */
    0x01, 0x01, 0x0F, 0x00, 0x05, 0xFF, 0xFF, 0xFF, 0xFF, 0xFF, 0x00, 0x00,
};

unsigned char main_rotor_00_o[] = {
    24, 1,  /* width_px, height_px; rest is RLE rows */
    0x02, 0x05, 0xFF, 0xFF, 0xFF, 0xFF, 0xFF, 0x00, 0x01, 0xF0, 0x00, 0x00,
};

/* mainRotor_01: Apple 38x1 -> PCjr 22x1 even / 24x1 odd; coverage-OR X.
 *   .........===========..
 */
unsigned char main_rotor_01_e[] = {
    22, 1,  /* width_px, height_px; rest is RLE rows */
    0x04, 0x01, 0x0F, 0x00, 0x05, 0xFF, 0xFF, 0xFF, 0xFF, 0xFF, 0x00, 0x00,
};

unsigned char main_rotor_01_o[] = {
    24, 1,  /* width_px, height_px; rest is RLE rows */
    0x05, 0x05, 0xFF, 0xFF, 0xFF, 0xFF, 0xFF, 0x00, 0x01, 0xF0, 0x00, 0x00,
};

/* mainRotor_02: Apple 38x1 -> PCjr 22x1 even / 24x1 odd; coverage-OR X.
 *   ======================
 */
unsigned char main_rotor_02_e[] = {
    22, 1,  /* width_px, height_px; rest is RLE rows */
    0x00, 0x0B, 0xFF, 0xFF, 0xFF, 0xFF, 0xFF, 0xFF, 0xFF, 0xFF, 0xFF, 0xFF,
    0xFF, 0x00, 0x00,
};

unsigned char main_rotor_02_o[] = {
    24, 1,  /* width_px, height_px; rest is RLE rows */
    0x00, 0x01, 0x0F, 0x00, 0x0A, 0xFF, 0xFF, 0xFF, 0xFF, 0xFF, 0xFF, 0xFF,
    0xFF, 0xFF, 0xFF, 0x00, 0x01, 0xF0, 0x00, 0x00,
};

/* tailRotor_00: Apple 7x6 -> PCjr 8x6 even / 10x6 odd; flattened isolated HGR pixels; coverage-OR X.
 *   ........
 *   ......==
 *   .....==.
 *   ........
 *   ...==...
 *   ..==....
 */
unsigned char tail_rotor_00_e[] = {
    8, 6,  /* width_px, height_px; rest is RLE rows */
    0x00, 0x00, 0x03, 0x01, 0xFF, 0x00, 0x00, 0x02, 0x01, 0x0F, 0x00, 0x01,
    0xF0, 0x00, 0x00, 0x00, 0x00, 0x01, 0x01, 0x0F, 0x00, 0x01, 0xF0, 0x00,
    0x00, 0x01, 0x01, 0xFF, 0x00, 0x00,
};

unsigned char tail_rotor_00_o[] = {
    10, 6,  /* width_px, height_px; rest is RLE rows */
    0x00, 0x00, 0x03, 0x01, 0x0F, 0x00, 0x01, 0xF0, 0x00, 0x00, 0x03, 0x01,
    0xFF, 0x00, 0x00, 0x00, 0x00, 0x02, 0x01, 0xFF, 0x00, 0x00, 0x01, 0x01,
    0x0F, 0x00, 0x01, 0xF0, 0x00, 0x00,
};

/* tailRotor_01: Apple 6x6 -> PCjr 8x6 even / 10x6 odd; flattened isolated HGR pixels; coverage-OR X.
 *   ........
 *   ..==....
 *   ...===..
 *   ........
 *   ......==
 *   ......==
 */
unsigned char tail_rotor_01_e[] = {
    8, 6,  /* width_px, height_px; rest is RLE rows */
    0x00, 0x00, 0x01, 0x01, 0xFF, 0x00, 0x00, 0x01, 0x01, 0x0F, 0x00, 0x01,
    0xFF, 0x00, 0x00, 0x00, 0x00, 0x03, 0x01, 0xFF, 0x00, 0x00, 0x03, 0x01,
    0xFF, 0x00, 0x00,
};

unsigned char tail_rotor_01_o[] = {
    10, 6,  /* width_px, height_px; rest is RLE rows */
    0x00, 0x00, 0x01, 0x01, 0x0F, 0x00, 0x01, 0xF0, 0x00, 0x00, 0x02, 0x01,
    0xFF, 0x00, 0x01, 0xF0, 0x00, 0x00, 0x00, 0x00, 0x03, 0x01, 0x0F, 0x00,
    0x01, 0xF0, 0x00, 0x00, 0x03, 0x01, 0x0F, 0x00, 0x01, 0xF0, 0x00, 0x00,
};

/* tailRotor_02: Apple 7x4 -> PCjr 8x4 even / 10x4 odd; coverage-OR X.
 *   ........
 *   ........
 *   ........
 *   ====.===
 */
unsigned char tail_rotor_02_e[] = {
    8, 4,  /* width_px, height_px; rest is RLE rows */
    0x00, 0x00, 0x00, 0x00, 0x00, 0x00, 0x00, 0x02, 0xFF, 0xFF, 0x00, 0x01,
    0x0F, 0x00, 0x01, 0xFF, 0x00, 0x00,
};

unsigned char tail_rotor_02_o[] = {
    10, 4,  /* width_px, height_px; rest is RLE rows */
    0x00, 0x00, 0x00, 0x00, 0x00, 0x00, 0x00, 0x01, 0x0F, 0x00, 0x01, 0xFF,
    0x00, 0x01, 0xF0, 0x00, 0x01, 0xFF, 0x00, 0x01, 0xF0, 0x00, 0x00,
};

/* tailRotor_03: Apple 4x7 -> PCjr 8x7 even / 10x7 odd; flattened isolated HGR pixels; coverage-OR X.
 *   ....====
 *   ....====
 *   ....====
 *   ........
 *   ....====
 *   ....====
 *   ....====
 */
unsigned char tail_rotor_03_e[] = {
    8, 7,  /* width_px, height_px; rest is RLE rows */
    0x02, 0x02, 0xFF, 0xFF, 0x00, 0x00, 0x02, 0x02, 0xFF, 0xFF, 0x00, 0x00,
    0x02, 0x02, 0xFF, 0xFF, 0x00, 0x00, 0x00, 0x00, 0x02, 0x02, 0xFF, 0xFF,
    0x00, 0x00, 0x02, 0x02, 0xFF, 0xFF, 0x00, 0x00, 0x02, 0x02, 0xFF, 0xFF,
    0x00, 0x00,
};

unsigned char tail_rotor_03_o[] = {
    10, 7,  /* width_px, height_px; rest is RLE rows */
    0x02, 0x01, 0x0F, 0x00, 0x01, 0xFF, 0x00, 0x01, 0xF0, 0x00, 0x00, 0x02,
    0x01, 0x0F, 0x00, 0x01, 0xFF, 0x00, 0x01, 0xF0, 0x00, 0x00, 0x02, 0x01,
    0x0F, 0x00, 0x01, 0xFF, 0x00, 0x01, 0xF0, 0x00, 0x00, 0x00, 0x00, 0x02,
    0x01, 0x0F, 0x00, 0x01, 0xFF, 0x00, 0x01, 0xF0, 0x00, 0x00, 0x02, 0x01,
    0x0F, 0x00, 0x01, 0xFF, 0x00, 0x01, 0xF0, 0x00, 0x00, 0x02, 0x01, 0x0F,
    0x00, 0x01, 0xFF, 0x00, 0x01, 0xF0, 0x00, 0x00,
};

unsigned char *chopper_side_e[11] = {
    chopper_side_00_e,
    chopper_side_01_e,
    chopper_side_02_e,
    chopper_side_03_e,
    chopper_side_04_e,
    chopper_side_05_e,
    chopper_side_06_e,
    chopper_side_07_e,
    chopper_side_08_e,
    chopper_side_09_e,
    chopper_side_10_e
};
unsigned char *chopper_side_o[11] = {
    chopper_side_00_o,
    chopper_side_01_o,
    chopper_side_02_o,
    chopper_side_03_o,
    chopper_side_04_o,
    chopper_side_05_o,
    chopper_side_06_o,
    chopper_side_07_o,
    chopper_side_08_o,
    chopper_side_09_o,
    chopper_side_10_o
};
unsigned char *chopper_head_e[5] = {
    chopper_head_00_e,
    chopper_head_01_e,
    chopper_head_02_e,
    chopper_head_03_e,
    chopper_head_04_e
};
unsigned char *chopper_head_o[5] = {
    chopper_head_00_o,
    chopper_head_01_o,
    chopper_head_02_o,
    chopper_head_03_o,
    chopper_head_04_o
};
unsigned char *main_rotor_e[3] = {
    main_rotor_00_e,
    main_rotor_01_e,
    main_rotor_02_e
};
unsigned char *main_rotor_o[3] = {
    main_rotor_00_o,
    main_rotor_01_o,
    main_rotor_02_o
};
unsigned char *tail_rotor_e[4] = {
    tail_rotor_00_e,
    tail_rotor_01_e,
    tail_rotor_02_e,
    tail_rotor_03_e
};
unsigned char *tail_rotor_o[4] = {
    tail_rotor_00_o,
    tail_rotor_01_o,
    tail_rotor_02_o,
    tail_rotor_03_o
};


unsigned char *chopper_side_fe[11] = {
    chopper_side_00_fe,
    chopper_side_01_fe,
    chopper_side_02_fe,
    chopper_side_03_fe,
    chopper_side_04_fe,
    chopper_side_05_fe,
    chopper_side_06_fe,
    chopper_side_07_fe,
    chopper_side_08_fe,
    chopper_side_09_fe,
    chopper_side_10_fe
};
unsigned char *chopper_side_fo[11] = {
    chopper_side_00_fo,
    chopper_side_01_fo,
    chopper_side_02_fo,
    chopper_side_03_fo,
    chopper_side_04_fo,
    chopper_side_05_fo,
    chopper_side_06_fo,
    chopper_side_07_fo,
    chopper_side_08_fo,
    chopper_side_09_fo,
    chopper_side_10_fo
};
unsigned char *chopper_head_fe[5] = {
    chopper_head_00_fe,
    chopper_head_01_fe,
    chopper_head_02_fe,
    chopper_head_03_fe,
    chopper_head_04_fe
};
unsigned char *chopper_head_fo[5] = {
    chopper_head_00_fo,
    chopper_head_01_fo,
    chopper_head_02_fo,
    chopper_head_03_fo,
    chopper_head_04_fo
};

/* Sheared main rotor (M10).  Same ink spans and C toward-zero
 * shear as the old plot_px path.  Cropped to ink so blit_at's
 * dirty rect is tight.  ox/oy are signed pixel offsets from the
 * hub.  Packed sprdata.c does not carry these tables.
 */
/* sheared rotor frame 0 tilt 0; 12x3; hub ox=-8 oy=-2.
 *   ===.........
 *   ...===......
 *   ......=====.
 */
unsigned char rotor_s_f0_t00_e[] = {
    12, 3,  /* width_px, height_px; rest is RLE rows */
    0x00, 0x01, 0xFF, 0x00, 0x01, 0xF0, 0x00, 0x00, 0x01, 0x01, 0x0F, 0x00,
    0x01, 0xFF, 0x00, 0x00, 0x03, 0x02, 0xFF, 0xFF, 0x00, 0x01, 0xF0, 0x00,
    0x00,
};

unsigned char rotor_s_f0_t00_o[] = {
    14, 3,  /* width_px, height_px; rest is RLE rows */
    0x00, 0x01, 0x0F, 0x00, 0x01, 0xFF, 0x00, 0x00, 0x02, 0x01, 0xFF, 0x00,
    0x01, 0xF0, 0x00, 0x00, 0x03, 0x01, 0x0F, 0x00, 0x02, 0xFF, 0xFF, 0x00,
    0x00,
};

/* sheared rotor frame 0 tilt 1; 12x3; hub ox=-8 oy=-2.
 *   =...........
 *   .====.......
 *   .....======.
 */
unsigned char rotor_s_f0_t01_e[] = {
    12, 3,  /* width_px, height_px; rest is RLE rows */
    0x00, 0x01, 0xF0, 0x00, 0x00, 0x00, 0x01, 0x0F, 0x00, 0x01, 0xFF, 0x00,
    0x01, 0xF0, 0x00, 0x00, 0x02, 0x01, 0x0F, 0x00, 0x02, 0xFF, 0xFF, 0x00,
    0x01, 0xF0, 0x00, 0x00,
};

unsigned char rotor_s_f0_t01_o[] = {
    14, 3,  /* width_px, height_px; rest is RLE rows */
    0x00, 0x01, 0x0F, 0x00, 0x00, 0x01, 0x02, 0xFF, 0xFF, 0x00, 0x00, 0x03,
    0x03, 0xFF, 0xFF, 0xFF, 0x00, 0x00,
};

/* sheared rotor frame 0 tilt 2; 12x2; hub ox=-8 oy=-1.
 *   ====........
 *   ....=======.
 */
unsigned char rotor_s_f0_t02_e[] = {
    12, 2,  /* width_px, height_px; rest is RLE rows */
    0x00, 0x02, 0xFF, 0xFF, 0x00, 0x00, 0x02, 0x03, 0xFF, 0xFF, 0xFF, 0x00,
    0x01, 0xF0, 0x00, 0x00,
};

unsigned char rotor_s_f0_t02_o[] = {
    14, 2,  /* width_px, height_px; rest is RLE rows */
    0x00, 0x01, 0x0F, 0x00, 0x01, 0xFF, 0x00, 0x01, 0xF0, 0x00, 0x00, 0x02,
    0x01, 0x0F, 0x00, 0x03, 0xFF, 0xFF, 0xFF, 0x00, 0x00,
};

/* sheared rotor frame 0 tilt 3; 12x1; hub ox=-8 oy=0.
 *   ===========.
 */
unsigned char rotor_s_f0_t03_e[] = {
    12, 1,  /* width_px, height_px; rest is RLE rows */
    0x00, 0x05, 0xFF, 0xFF, 0xFF, 0xFF, 0xFF, 0x00, 0x01, 0xF0, 0x00, 0x00,
};

unsigned char rotor_s_f0_t03_o[] = {
    14, 1,  /* width_px, height_px; rest is RLE rows */
    0x00, 0x01, 0x0F, 0x00, 0x05, 0xFF, 0xFF, 0xFF, 0xFF, 0xFF, 0x00, 0x00,
};

/* sheared rotor frame 0 tilt 4; 12x1; hub ox=-8 oy=0.
 *   ===========.
 */
unsigned char rotor_s_f0_t04_e[] = {
    12, 1,  /* width_px, height_px; rest is RLE rows */
    0x00, 0x05, 0xFF, 0xFF, 0xFF, 0xFF, 0xFF, 0x00, 0x01, 0xF0, 0x00, 0x00,
};

unsigned char rotor_s_f0_t04_o[] = {
    14, 1,  /* width_px, height_px; rest is RLE rows */
    0x00, 0x01, 0x0F, 0x00, 0x05, 0xFF, 0xFF, 0xFF, 0xFF, 0xFF, 0x00, 0x00,
};

/* sheared rotor frame 0 tilt 5; 12x1; hub ox=-8 oy=0.
 *   ===========.
 */
unsigned char rotor_s_f0_t05_e[] = {
    12, 1,  /* width_px, height_px; rest is RLE rows */
    0x00, 0x05, 0xFF, 0xFF, 0xFF, 0xFF, 0xFF, 0x00, 0x01, 0xF0, 0x00, 0x00,
};

unsigned char rotor_s_f0_t05_o[] = {
    14, 1,  /* width_px, height_px; rest is RLE rows */
    0x00, 0x01, 0x0F, 0x00, 0x05, 0xFF, 0xFF, 0xFF, 0xFF, 0xFF, 0x00, 0x00,
};

/* sheared rotor frame 0 tilt 6; 12x1; hub ox=-8 oy=0.
 *   ===========.
 */
unsigned char rotor_s_f0_t06_e[] = {
    12, 1,  /* width_px, height_px; rest is RLE rows */
    0x00, 0x05, 0xFF, 0xFF, 0xFF, 0xFF, 0xFF, 0x00, 0x01, 0xF0, 0x00, 0x00,
};

unsigned char rotor_s_f0_t06_o[] = {
    14, 1,  /* width_px, height_px; rest is RLE rows */
    0x00, 0x01, 0x0F, 0x00, 0x05, 0xFF, 0xFF, 0xFF, 0xFF, 0xFF, 0x00, 0x00,
};

/* sheared rotor frame 0 tilt 7; 12x1; hub ox=-8 oy=0.
 *   ===========.
 */
unsigned char rotor_s_f0_t07_e[] = {
    12, 1,  /* width_px, height_px; rest is RLE rows */
    0x00, 0x05, 0xFF, 0xFF, 0xFF, 0xFF, 0xFF, 0x00, 0x01, 0xF0, 0x00, 0x00,
};

unsigned char rotor_s_f0_t07_o[] = {
    14, 1,  /* width_px, height_px; rest is RLE rows */
    0x00, 0x01, 0x0F, 0x00, 0x05, 0xFF, 0xFF, 0xFF, 0xFF, 0xFF, 0x00, 0x00,
};

/* sheared rotor frame 0 tilt 8; 12x2; hub ox=-8 oy=0.
 *   ....=======.
 *   ====........
 */
unsigned char rotor_s_f0_t08_e[] = {
    12, 2,  /* width_px, height_px; rest is RLE rows */
    0x02, 0x03, 0xFF, 0xFF, 0xFF, 0x00, 0x01, 0xF0, 0x00, 0x00, 0x00, 0x02,
    0xFF, 0xFF, 0x00, 0x00,
};

unsigned char rotor_s_f0_t08_o[] = {
    14, 2,  /* width_px, height_px; rest is RLE rows */
    0x02, 0x01, 0x0F, 0x00, 0x03, 0xFF, 0xFF, 0xFF, 0x00, 0x00, 0x00, 0x01,
    0x0F, 0x00, 0x01, 0xFF, 0x00, 0x01, 0xF0, 0x00, 0x00,
};

/* sheared rotor frame 0 tilt 9; 12x3; hub ox=-8 oy=0.
 *   .....======.
 *   .====.......
 *   =...........
 */
unsigned char rotor_s_f0_t09_e[] = {
    12, 3,  /* width_px, height_px; rest is RLE rows */
    0x02, 0x01, 0x0F, 0x00, 0x02, 0xFF, 0xFF, 0x00, 0x01, 0xF0, 0x00, 0x00,
    0x00, 0x01, 0x0F, 0x00, 0x01, 0xFF, 0x00, 0x01, 0xF0, 0x00, 0x00, 0x00,
    0x01, 0xF0, 0x00, 0x00,
};

unsigned char rotor_s_f0_t09_o[] = {
    14, 3,  /* width_px, height_px; rest is RLE rows */
    0x03, 0x03, 0xFF, 0xFF, 0xFF, 0x00, 0x00, 0x01, 0x02, 0xFF, 0xFF, 0x00,
    0x00, 0x00, 0x01, 0x0F, 0x00, 0x00,
};

/* sheared rotor frame 0 tilt 10; 12x3; hub ox=-8 oy=0.
 *   ......=====.
 *   ...===......
 *   ===.........
 */
unsigned char rotor_s_f0_t10_e[] = {
    12, 3,  /* width_px, height_px; rest is RLE rows */
    0x03, 0x02, 0xFF, 0xFF, 0x00, 0x01, 0xF0, 0x00, 0x00, 0x01, 0x01, 0x0F,
    0x00, 0x01, 0xFF, 0x00, 0x00, 0x00, 0x01, 0xFF, 0x00, 0x01, 0xF0, 0x00,
    0x00,
};

unsigned char rotor_s_f0_t10_o[] = {
    14, 3,  /* width_px, height_px; rest is RLE rows */
    0x03, 0x01, 0x0F, 0x00, 0x02, 0xFF, 0xFF, 0x00, 0x00, 0x02, 0x01, 0xFF,
    0x00, 0x01, 0xF0, 0x00, 0x00, 0x00, 0x01, 0x0F, 0x00, 0x01, 0xFF, 0x00,
    0x00,
};

/* sheared rotor frame 1 tilt 0; 12x3; hub ox=-2 oy=0.
 *   =====.......
 *   .....===....
 *   ........===.
 */
unsigned char rotor_s_f1_t00_e[] = {
    12, 3,  /* width_px, height_px; rest is RLE rows */
    0x00, 0x02, 0xFF, 0xFF, 0x00, 0x01, 0xF0, 0x00, 0x00, 0x02, 0x01, 0x0F,
    0x00, 0x01, 0xFF, 0x00, 0x00, 0x04, 0x01, 0xFF, 0x00, 0x01, 0xF0, 0x00,
    0x00,
};

unsigned char rotor_s_f1_t00_o[] = {
    14, 3,  /* width_px, height_px; rest is RLE rows */
    0x00, 0x01, 0x0F, 0x00, 0x02, 0xFF, 0xFF, 0x00, 0x00, 0x03, 0x01, 0xFF,
    0x00, 0x01, 0xF0, 0x00, 0x00, 0x04, 0x01, 0x0F, 0x00, 0x01, 0xFF, 0x00,
    0x00,
};

/* sheared rotor frame 1 tilt 1; 12x3; hub ox=-2 oy=0.
 *   ======......
 *   ......====..
 *   ..........=.
 */
unsigned char rotor_s_f1_t01_e[] = {
    12, 3,  /* width_px, height_px; rest is RLE rows */
    0x00, 0x03, 0xFF, 0xFF, 0xFF, 0x00, 0x00, 0x03, 0x02, 0xFF, 0xFF, 0x00,
    0x00, 0x05, 0x01, 0xF0, 0x00, 0x00,
};

unsigned char rotor_s_f1_t01_o[] = {
    14, 3,  /* width_px, height_px; rest is RLE rows */
    0x00, 0x01, 0x0F, 0x00, 0x02, 0xFF, 0xFF, 0x00, 0x01, 0xF0, 0x00, 0x00,
    0x03, 0x01, 0x0F, 0x00, 0x01, 0xFF, 0x00, 0x01, 0xF0, 0x00, 0x00, 0x05,
    0x01, 0x0F, 0x00, 0x00,
};

/* sheared rotor frame 1 tilt 2; 12x2; hub ox=-2 oy=0.
 *   =======.....
 *   .......====.
 */
unsigned char rotor_s_f1_t02_e[] = {
    12, 2,  /* width_px, height_px; rest is RLE rows */
    0x00, 0x03, 0xFF, 0xFF, 0xFF, 0x00, 0x01, 0xF0, 0x00, 0x00, 0x03, 0x01,
    0x0F, 0x00, 0x01, 0xFF, 0x00, 0x01, 0xF0, 0x00, 0x00,
};

unsigned char rotor_s_f1_t02_o[] = {
    14, 2,  /* width_px, height_px; rest is RLE rows */
    0x00, 0x01, 0x0F, 0x00, 0x03, 0xFF, 0xFF, 0xFF, 0x00, 0x00, 0x04, 0x02,
    0xFF, 0xFF, 0x00, 0x00,
};

/* sheared rotor frame 1 tilt 3; 12x1; hub ox=-2 oy=0.
 *   ===========.
 */
unsigned char rotor_s_f1_t03_e[] = {
    12, 1,  /* width_px, height_px; rest is RLE rows */
    0x00, 0x05, 0xFF, 0xFF, 0xFF, 0xFF, 0xFF, 0x00, 0x01, 0xF0, 0x00, 0x00,
};

unsigned char rotor_s_f1_t03_o[] = {
    14, 1,  /* width_px, height_px; rest is RLE rows */
    0x00, 0x01, 0x0F, 0x00, 0x05, 0xFF, 0xFF, 0xFF, 0xFF, 0xFF, 0x00, 0x00,
};

/* sheared rotor frame 1 tilt 4; 12x1; hub ox=-2 oy=0.
 *   ===========.
 */
unsigned char rotor_s_f1_t04_e[] = {
    12, 1,  /* width_px, height_px; rest is RLE rows */
    0x00, 0x05, 0xFF, 0xFF, 0xFF, 0xFF, 0xFF, 0x00, 0x01, 0xF0, 0x00, 0x00,
};

unsigned char rotor_s_f1_t04_o[] = {
    14, 1,  /* width_px, height_px; rest is RLE rows */
    0x00, 0x01, 0x0F, 0x00, 0x05, 0xFF, 0xFF, 0xFF, 0xFF, 0xFF, 0x00, 0x00,
};

/* sheared rotor frame 1 tilt 5; 12x1; hub ox=-2 oy=0.
 *   ===========.
 */
unsigned char rotor_s_f1_t05_e[] = {
    12, 1,  /* width_px, height_px; rest is RLE rows */
    0x00, 0x05, 0xFF, 0xFF, 0xFF, 0xFF, 0xFF, 0x00, 0x01, 0xF0, 0x00, 0x00,
};

unsigned char rotor_s_f1_t05_o[] = {
    14, 1,  /* width_px, height_px; rest is RLE rows */
    0x00, 0x01, 0x0F, 0x00, 0x05, 0xFF, 0xFF, 0xFF, 0xFF, 0xFF, 0x00, 0x00,
};

/* sheared rotor frame 1 tilt 6; 12x1; hub ox=-2 oy=0.
 *   ===========.
 */
unsigned char rotor_s_f1_t06_e[] = {
    12, 1,  /* width_px, height_px; rest is RLE rows */
    0x00, 0x05, 0xFF, 0xFF, 0xFF, 0xFF, 0xFF, 0x00, 0x01, 0xF0, 0x00, 0x00,
};

unsigned char rotor_s_f1_t06_o[] = {
    14, 1,  /* width_px, height_px; rest is RLE rows */
    0x00, 0x01, 0x0F, 0x00, 0x05, 0xFF, 0xFF, 0xFF, 0xFF, 0xFF, 0x00, 0x00,
};

/* sheared rotor frame 1 tilt 7; 12x1; hub ox=-2 oy=0.
 *   ===========.
 */
unsigned char rotor_s_f1_t07_e[] = {
    12, 1,  /* width_px, height_px; rest is RLE rows */
    0x00, 0x05, 0xFF, 0xFF, 0xFF, 0xFF, 0xFF, 0x00, 0x01, 0xF0, 0x00, 0x00,
};

unsigned char rotor_s_f1_t07_o[] = {
    14, 1,  /* width_px, height_px; rest is RLE rows */
    0x00, 0x01, 0x0F, 0x00, 0x05, 0xFF, 0xFF, 0xFF, 0xFF, 0xFF, 0x00, 0x00,
};

/* sheared rotor frame 1 tilt 8; 12x2; hub ox=-2 oy=-1.
 *   .......====.
 *   =======.....
 */
unsigned char rotor_s_f1_t08_e[] = {
    12, 2,  /* width_px, height_px; rest is RLE rows */
    0x03, 0x01, 0x0F, 0x00, 0x01, 0xFF, 0x00, 0x01, 0xF0, 0x00, 0x00, 0x00,
    0x03, 0xFF, 0xFF, 0xFF, 0x00, 0x01, 0xF0, 0x00, 0x00,
};

unsigned char rotor_s_f1_t08_o[] = {
    14, 2,  /* width_px, height_px; rest is RLE rows */
    0x04, 0x02, 0xFF, 0xFF, 0x00, 0x00, 0x00, 0x01, 0x0F, 0x00, 0x03, 0xFF,
    0xFF, 0xFF, 0x00, 0x00,
};

/* sheared rotor frame 1 tilt 9; 12x3; hub ox=-2 oy=-2.
 *   ..........=.
 *   ......====..
 *   ======......
 */
unsigned char rotor_s_f1_t09_e[] = {
    12, 3,  /* width_px, height_px; rest is RLE rows */
    0x05, 0x01, 0xF0, 0x00, 0x00, 0x03, 0x02, 0xFF, 0xFF, 0x00, 0x00, 0x00,
    0x03, 0xFF, 0xFF, 0xFF, 0x00, 0x00,
};

unsigned char rotor_s_f1_t09_o[] = {
    14, 3,  /* width_px, height_px; rest is RLE rows */
    0x05, 0x01, 0x0F, 0x00, 0x00, 0x03, 0x01, 0x0F, 0x00, 0x01, 0xFF, 0x00,
    0x01, 0xF0, 0x00, 0x00, 0x00, 0x01, 0x0F, 0x00, 0x02, 0xFF, 0xFF, 0x00,
    0x01, 0xF0, 0x00, 0x00,
};

/* sheared rotor frame 1 tilt 10; 12x3; hub ox=-2 oy=-2.
 *   ........===.
 *   .....===....
 *   =====.......
 */
unsigned char rotor_s_f1_t10_e[] = {
    12, 3,  /* width_px, height_px; rest is RLE rows */
    0x04, 0x01, 0xFF, 0x00, 0x01, 0xF0, 0x00, 0x00, 0x02, 0x01, 0x0F, 0x00,
    0x01, 0xFF, 0x00, 0x00, 0x00, 0x02, 0xFF, 0xFF, 0x00, 0x01, 0xF0, 0x00,
    0x00,
};

unsigned char rotor_s_f1_t10_o[] = {
    14, 3,  /* width_px, height_px; rest is RLE rows */
    0x04, 0x01, 0x0F, 0x00, 0x01, 0xFF, 0x00, 0x00, 0x03, 0x01, 0xFF, 0x00,
    0x01, 0xF0, 0x00, 0x00, 0x00, 0x01, 0x0F, 0x00, 0x02, 0xFF, 0xFF, 0x00,
    0x00,
};

/* sheared rotor frame 2 tilt 0; 22x7; hub ox=-11 oy=-3.
 *   ===...................
 *   ...===................
 *   ......===.............
 *   .........=====........
 *   ..............===.....
 *   .................===..
 *   ....................==
 */
unsigned char rotor_s_f2_t00_e[] = {
    22, 7,  /* width_px, height_px; rest is RLE rows */
    0x00, 0x01, 0xFF, 0x00, 0x01, 0xF0, 0x00, 0x00, 0x01, 0x01, 0x0F, 0x00,
    0x01, 0xFF, 0x00, 0x00, 0x03, 0x01, 0xFF, 0x00, 0x01, 0xF0, 0x00, 0x00,
    0x04, 0x01, 0x0F, 0x00, 0x02, 0xFF, 0xFF, 0x00, 0x00, 0x07, 0x01, 0xFF,
    0x00, 0x01, 0xF0, 0x00, 0x00, 0x08, 0x01, 0x0F, 0x00, 0x01, 0xFF, 0x00,
    0x00, 0x0A, 0x01, 0xFF, 0x00, 0x00,
};

unsigned char rotor_s_f2_t00_o[] = {
    24, 7,  /* width_px, height_px; rest is RLE rows */
    0x00, 0x01, 0x0F, 0x00, 0x01, 0xFF, 0x00, 0x00, 0x02, 0x01, 0xFF, 0x00,
    0x01, 0xF0, 0x00, 0x00, 0x03, 0x01, 0x0F, 0x00, 0x01, 0xFF, 0x00, 0x00,
    0x05, 0x02, 0xFF, 0xFF, 0x00, 0x01, 0xF0, 0x00, 0x00, 0x07, 0x01, 0x0F,
    0x00, 0x01, 0xFF, 0x00, 0x00, 0x09, 0x01, 0xFF, 0x00, 0x01, 0xF0, 0x00,
    0x00, 0x0A, 0x01, 0x0F, 0x00, 0x01, 0xF0, 0x00, 0x00,
};

/* sheared rotor frame 2 tilt 1; 22x5; hub ox=-11 oy=-2.
 *   ====..................
 *   ....====..............
 *   ........=======.......
 *   ...............====...
 *   ...................===
 */
unsigned char rotor_s_f2_t01_e[] = {
    22, 5,  /* width_px, height_px; rest is RLE rows */
    0x00, 0x02, 0xFF, 0xFF, 0x00, 0x00, 0x02, 0x02, 0xFF, 0xFF, 0x00, 0x00,
    0x04, 0x03, 0xFF, 0xFF, 0xFF, 0x00, 0x01, 0xF0, 0x00, 0x00, 0x07, 0x01,
    0x0F, 0x00, 0x01, 0xFF, 0x00, 0x01, 0xF0, 0x00, 0x00, 0x09, 0x01, 0x0F,
    0x00, 0x01, 0xFF, 0x00, 0x00,
};

unsigned char rotor_s_f2_t01_o[] = {
    24, 5,  /* width_px, height_px; rest is RLE rows */
    0x00, 0x01, 0x0F, 0x00, 0x01, 0xFF, 0x00, 0x01, 0xF0, 0x00, 0x00, 0x02,
    0x01, 0x0F, 0x00, 0x01, 0xFF, 0x00, 0x01, 0xF0, 0x00, 0x00, 0x04, 0x01,
    0x0F, 0x00, 0x03, 0xFF, 0xFF, 0xFF, 0x00, 0x00, 0x08, 0x02, 0xFF, 0xFF,
    0x00, 0x00, 0x0A, 0x01, 0xFF, 0x00, 0x01, 0xF0, 0x00, 0x00,
};

/* sheared rotor frame 2 tilt 2; 22x5; hub ox=-11 oy=-2.
 *   ==....................
 *   ..=====...............
 *   .......=========......
 *   ................=====.
 *   .....................=
 */
unsigned char rotor_s_f2_t02_e[] = {
    22, 5,  /* width_px, height_px; rest is RLE rows */
    0x00, 0x01, 0xFF, 0x00, 0x00, 0x01, 0x02, 0xFF, 0xFF, 0x00, 0x01, 0xF0,
    0x00, 0x00, 0x03, 0x01, 0x0F, 0x00, 0x04, 0xFF, 0xFF, 0xFF, 0xFF, 0x00,
    0x00, 0x08, 0x02, 0xFF, 0xFF, 0x00, 0x01, 0xF0, 0x00, 0x00, 0x0A, 0x01,
    0x0F, 0x00, 0x00,
};

unsigned char rotor_s_f2_t02_o[] = {
    24, 5,  /* width_px, height_px; rest is RLE rows */
    0x00, 0x01, 0x0F, 0x00, 0x01, 0xF0, 0x00, 0x00, 0x01, 0x01, 0x0F, 0x00,
    0x02, 0xFF, 0xFF, 0x00, 0x00, 0x04, 0x04, 0xFF, 0xFF, 0xFF, 0xFF, 0x00,
    0x01, 0xF0, 0x00, 0x00, 0x08, 0x01, 0x0F, 0x00, 0x02, 0xFF, 0xFF, 0x00,
    0x00, 0x0B, 0x01, 0xF0, 0x00, 0x00,
};

/* sheared rotor frame 2 tilt 3; 22x3; hub ox=-11 oy=-1.
 *   ==....................
 *   ..===================.
 *   .....................=
 */
unsigned char rotor_s_f2_t03_e[] = {
    22, 3,  /* width_px, height_px; rest is RLE rows */
    0x00, 0x01, 0xFF, 0x00, 0x00, 0x01, 0x09, 0xFF, 0xFF, 0xFF, 0xFF, 0xFF,
    0xFF, 0xFF, 0xFF, 0xFF, 0x00, 0x01, 0xF0, 0x00, 0x00, 0x0A, 0x01, 0x0F,
    0x00, 0x00,
};

unsigned char rotor_s_f2_t03_o[] = {
    24, 3,  /* width_px, height_px; rest is RLE rows */
    0x00, 0x01, 0x0F, 0x00, 0x01, 0xF0, 0x00, 0x00, 0x01, 0x01, 0x0F, 0x00,
    0x09, 0xFF, 0xFF, 0xFF, 0xFF, 0xFF, 0xFF, 0xFF, 0xFF, 0xFF, 0x00, 0x00,
    0x0B, 0x01, 0xF0, 0x00, 0x00,
};

/* sheared rotor frame 2 tilt 4; 22x1; hub ox=-11 oy=0.
 *   ======================
 */
unsigned char rotor_s_f2_t04_e[] = {
    22, 1,  /* width_px, height_px; rest is RLE rows */
    0x00, 0x0B, 0xFF, 0xFF, 0xFF, 0xFF, 0xFF, 0xFF, 0xFF, 0xFF, 0xFF, 0xFF,
    0xFF, 0x00, 0x00,
};

unsigned char rotor_s_f2_t04_o[] = {
    24, 1,  /* width_px, height_px; rest is RLE rows */
    0x00, 0x01, 0x0F, 0x00, 0x0A, 0xFF, 0xFF, 0xFF, 0xFF, 0xFF, 0xFF, 0xFF,
    0xFF, 0xFF, 0xFF, 0x00, 0x01, 0xF0, 0x00, 0x00,
};

/* sheared rotor frame 2 tilt 5; 22x1; hub ox=-11 oy=0.
 *   ======================
 */
unsigned char rotor_s_f2_t05_e[] = {
    22, 1,  /* width_px, height_px; rest is RLE rows */
    0x00, 0x0B, 0xFF, 0xFF, 0xFF, 0xFF, 0xFF, 0xFF, 0xFF, 0xFF, 0xFF, 0xFF,
    0xFF, 0x00, 0x00,
};

unsigned char rotor_s_f2_t05_o[] = {
    24, 1,  /* width_px, height_px; rest is RLE rows */
    0x00, 0x01, 0x0F, 0x00, 0x0A, 0xFF, 0xFF, 0xFF, 0xFF, 0xFF, 0xFF, 0xFF,
    0xFF, 0xFF, 0xFF, 0x00, 0x01, 0xF0, 0x00, 0x00,
};

/* sheared rotor frame 2 tilt 6; 22x1; hub ox=-11 oy=0.
 *   ======================
 */
unsigned char rotor_s_f2_t06_e[] = {
    22, 1,  /* width_px, height_px; rest is RLE rows */
    0x00, 0x0B, 0xFF, 0xFF, 0xFF, 0xFF, 0xFF, 0xFF, 0xFF, 0xFF, 0xFF, 0xFF,
    0xFF, 0x00, 0x00,
};

unsigned char rotor_s_f2_t06_o[] = {
    24, 1,  /* width_px, height_px; rest is RLE rows */
    0x00, 0x01, 0x0F, 0x00, 0x0A, 0xFF, 0xFF, 0xFF, 0xFF, 0xFF, 0xFF, 0xFF,
    0xFF, 0xFF, 0xFF, 0x00, 0x01, 0xF0, 0x00, 0x00,
};

/* sheared rotor frame 2 tilt 7; 22x3; hub ox=-11 oy=-1.
 *   .....................=
 *   ..===================.
 *   ==....................
 */
unsigned char rotor_s_f2_t07_e[] = {
    22, 3,  /* width_px, height_px; rest is RLE rows */
    0x0A, 0x01, 0x0F, 0x00, 0x00, 0x01, 0x09, 0xFF, 0xFF, 0xFF, 0xFF, 0xFF,
    0xFF, 0xFF, 0xFF, 0xFF, 0x00, 0x01, 0xF0, 0x00, 0x00, 0x00, 0x01, 0xFF,
    0x00, 0x00,
};

unsigned char rotor_s_f2_t07_o[] = {
    24, 3,  /* width_px, height_px; rest is RLE rows */
    0x0B, 0x01, 0xF0, 0x00, 0x00, 0x01, 0x01, 0x0F, 0x00, 0x09, 0xFF, 0xFF,
    0xFF, 0xFF, 0xFF, 0xFF, 0xFF, 0xFF, 0xFF, 0x00, 0x00, 0x00, 0x01, 0x0F,
    0x00, 0x01, 0xF0, 0x00, 0x00,
};

/* sheared rotor frame 2 tilt 8; 22x5; hub ox=-11 oy=-2.
 *   .....................=
 *   ................=====.
 *   .......=========......
 *   ..=====...............
 *   ==....................
 */
unsigned char rotor_s_f2_t08_e[] = {
    22, 5,  /* width_px, height_px; rest is RLE rows */
    0x0A, 0x01, 0x0F, 0x00, 0x00, 0x08, 0x02, 0xFF, 0xFF, 0x00, 0x01, 0xF0,
    0x00, 0x00, 0x03, 0x01, 0x0F, 0x00, 0x04, 0xFF, 0xFF, 0xFF, 0xFF, 0x00,
    0x00, 0x01, 0x02, 0xFF, 0xFF, 0x00, 0x01, 0xF0, 0x00, 0x00, 0x00, 0x01,
    0xFF, 0x00, 0x00,
};

unsigned char rotor_s_f2_t08_o[] = {
    24, 5,  /* width_px, height_px; rest is RLE rows */
    0x0B, 0x01, 0xF0, 0x00, 0x00, 0x08, 0x01, 0x0F, 0x00, 0x02, 0xFF, 0xFF,
    0x00, 0x00, 0x04, 0x04, 0xFF, 0xFF, 0xFF, 0xFF, 0x00, 0x01, 0xF0, 0x00,
    0x00, 0x01, 0x01, 0x0F, 0x00, 0x02, 0xFF, 0xFF, 0x00, 0x00, 0x00, 0x01,
    0x0F, 0x00, 0x01, 0xF0, 0x00, 0x00,
};

/* sheared rotor frame 2 tilt 9; 22x5; hub ox=-11 oy=-2.
 *   ...................===
 *   ...............====...
 *   ........=======.......
 *   ....====..............
 *   ====..................
 */
unsigned char rotor_s_f2_t09_e[] = {
    22, 5,  /* width_px, height_px; rest is RLE rows */
    0x09, 0x01, 0x0F, 0x00, 0x01, 0xFF, 0x00, 0x00, 0x07, 0x01, 0x0F, 0x00,
    0x01, 0xFF, 0x00, 0x01, 0xF0, 0x00, 0x00, 0x04, 0x03, 0xFF, 0xFF, 0xFF,
    0x00, 0x01, 0xF0, 0x00, 0x00, 0x02, 0x02, 0xFF, 0xFF, 0x00, 0x00, 0x00,
    0x02, 0xFF, 0xFF, 0x00, 0x00,
};

unsigned char rotor_s_f2_t09_o[] = {
    24, 5,  /* width_px, height_px; rest is RLE rows */
    0x0A, 0x01, 0xFF, 0x00, 0x01, 0xF0, 0x00, 0x00, 0x08, 0x02, 0xFF, 0xFF,
    0x00, 0x00, 0x04, 0x01, 0x0F, 0x00, 0x03, 0xFF, 0xFF, 0xFF, 0x00, 0x00,
    0x02, 0x01, 0x0F, 0x00, 0x01, 0xFF, 0x00, 0x01, 0xF0, 0x00, 0x00, 0x00,
    0x01, 0x0F, 0x00, 0x01, 0xFF, 0x00, 0x01, 0xF0, 0x00, 0x00,
};

/* sheared rotor frame 2 tilt 10; 22x7; hub ox=-11 oy=-3.
 *   ....................==
 *   .................===..
 *   ..............===.....
 *   .........=====........
 *   ......===.............
 *   ...===................
 *   ===...................
 */
unsigned char rotor_s_f2_t10_e[] = {
    22, 7,  /* width_px, height_px; rest is RLE rows */
    0x0A, 0x01, 0xFF, 0x00, 0x00, 0x08, 0x01, 0x0F, 0x00, 0x01, 0xFF, 0x00,
    0x00, 0x07, 0x01, 0xFF, 0x00, 0x01, 0xF0, 0x00, 0x00, 0x04, 0x01, 0x0F,
    0x00, 0x02, 0xFF, 0xFF, 0x00, 0x00, 0x03, 0x01, 0xFF, 0x00, 0x01, 0xF0,
    0x00, 0x00, 0x01, 0x01, 0x0F, 0x00, 0x01, 0xFF, 0x00, 0x00, 0x00, 0x01,
    0xFF, 0x00, 0x01, 0xF0, 0x00, 0x00,
};

unsigned char rotor_s_f2_t10_o[] = {
    24, 7,  /* width_px, height_px; rest is RLE rows */
    0x0A, 0x01, 0x0F, 0x00, 0x01, 0xF0, 0x00, 0x00, 0x09, 0x01, 0xFF, 0x00,
    0x01, 0xF0, 0x00, 0x00, 0x07, 0x01, 0x0F, 0x00, 0x01, 0xFF, 0x00, 0x00,
    0x05, 0x02, 0xFF, 0xFF, 0x00, 0x01, 0xF0, 0x00, 0x00, 0x03, 0x01, 0x0F,
    0x00, 0x01, 0xFF, 0x00, 0x00, 0x02, 0x01, 0xFF, 0x00, 0x01, 0xF0, 0x00,
    0x00, 0x00, 0x01, 0x0F, 0x00, 0x01, 0xFF, 0x00, 0x00,
};

/* sheared rotor frame 0 tilt 0 flipped; 12x4; hub ox=-3 oy=-2.
 *   .........==.
 *   ......===...
 *   .=====......
 *   =...........
 */
unsigned char rotor_s_f0_t00_fe[] = {
    12, 4,  /* width_px, height_px; rest is RLE rows */
    0x04, 0x01, 0x0F, 0x00, 0x01, 0xF0, 0x00, 0x00, 0x03, 0x01, 0xFF, 0x00,
    0x01, 0xF0, 0x00, 0x00, 0x00, 0x01, 0x0F, 0x00, 0x02, 0xFF, 0xFF, 0x00,
    0x00, 0x00, 0x01, 0xF0, 0x00, 0x00,
};

unsigned char rotor_s_f0_t00_fo[] = {
    14, 4,  /* width_px, height_px; rest is RLE rows */
    0x05, 0x01, 0xFF, 0x00, 0x00, 0x03, 0x01, 0x0F, 0x00, 0x01, 0xFF, 0x00,
    0x00, 0x01, 0x02, 0xFF, 0xFF, 0x00, 0x01, 0xF0, 0x00, 0x00, 0x00, 0x01,
    0x0F, 0x00, 0x00,
};

/* sheared rotor frame 0 tilt 1 flipped; 12x2; hub ox=-3 oy=-1.
 *   .......====.
 *   =======.....
 */
unsigned char rotor_s_f0_t01_fe[] = {
    12, 2,  /* width_px, height_px; rest is RLE rows */
    0x03, 0x01, 0x0F, 0x00, 0x01, 0xFF, 0x00, 0x01, 0xF0, 0x00, 0x00, 0x00,
    0x03, 0xFF, 0xFF, 0xFF, 0x00, 0x01, 0xF0, 0x00, 0x00,
};

unsigned char rotor_s_f0_t01_fo[] = {
    14, 2,  /* width_px, height_px; rest is RLE rows */
    0x04, 0x02, 0xFF, 0xFF, 0x00, 0x00, 0x00, 0x01, 0x0F, 0x00, 0x03, 0xFF,
    0xFF, 0xFF, 0x00, 0x00,
};

/* sheared rotor frame 0 tilt 2 flipped; 12x2; hub ox=-3 oy=-1.
 *   ........===.
 *   ========....
 */
unsigned char rotor_s_f0_t02_fe[] = {
    12, 2,  /* width_px, height_px; rest is RLE rows */
    0x04, 0x01, 0xFF, 0x00, 0x01, 0xF0, 0x00, 0x00, 0x00, 0x04, 0xFF, 0xFF,
    0xFF, 0xFF, 0x00, 0x00,
};

unsigned char rotor_s_f0_t02_fo[] = {
    14, 2,  /* width_px, height_px; rest is RLE rows */
    0x04, 0x01, 0x0F, 0x00, 0x01, 0xFF, 0x00, 0x00, 0x00, 0x01, 0x0F, 0x00,
    0x03, 0xFF, 0xFF, 0xFF, 0x00, 0x01, 0xF0, 0x00, 0x00,
};

/* sheared rotor frame 0 tilt 3 flipped; 12x1; hub ox=-3 oy=0.
 *   ===========.
 */
unsigned char rotor_s_f0_t03_fe[] = {
    12, 1,  /* width_px, height_px; rest is RLE rows */
    0x00, 0x05, 0xFF, 0xFF, 0xFF, 0xFF, 0xFF, 0x00, 0x01, 0xF0, 0x00, 0x00,
};

unsigned char rotor_s_f0_t03_fo[] = {
    14, 1,  /* width_px, height_px; rest is RLE rows */
    0x00, 0x01, 0x0F, 0x00, 0x05, 0xFF, 0xFF, 0xFF, 0xFF, 0xFF, 0x00, 0x00,
};

/* sheared rotor frame 0 tilt 4 flipped; 12x1; hub ox=-3 oy=0.
 *   ===========.
 */
unsigned char rotor_s_f0_t04_fe[] = {
    12, 1,  /* width_px, height_px; rest is RLE rows */
    0x00, 0x05, 0xFF, 0xFF, 0xFF, 0xFF, 0xFF, 0x00, 0x01, 0xF0, 0x00, 0x00,
};

unsigned char rotor_s_f0_t04_fo[] = {
    14, 1,  /* width_px, height_px; rest is RLE rows */
    0x00, 0x01, 0x0F, 0x00, 0x05, 0xFF, 0xFF, 0xFF, 0xFF, 0xFF, 0x00, 0x00,
};

/* sheared rotor frame 0 tilt 5 flipped; 12x1; hub ox=-3 oy=0.
 *   ===========.
 */
unsigned char rotor_s_f0_t05_fe[] = {
    12, 1,  /* width_px, height_px; rest is RLE rows */
    0x00, 0x05, 0xFF, 0xFF, 0xFF, 0xFF, 0xFF, 0x00, 0x01, 0xF0, 0x00, 0x00,
};

unsigned char rotor_s_f0_t05_fo[] = {
    14, 1,  /* width_px, height_px; rest is RLE rows */
    0x00, 0x01, 0x0F, 0x00, 0x05, 0xFF, 0xFF, 0xFF, 0xFF, 0xFF, 0x00, 0x00,
};

/* sheared rotor frame 0 tilt 6 flipped; 12x1; hub ox=-3 oy=0.
 *   ===========.
 */
unsigned char rotor_s_f0_t06_fe[] = {
    12, 1,  /* width_px, height_px; rest is RLE rows */
    0x00, 0x05, 0xFF, 0xFF, 0xFF, 0xFF, 0xFF, 0x00, 0x01, 0xF0, 0x00, 0x00,
};

unsigned char rotor_s_f0_t06_fo[] = {
    14, 1,  /* width_px, height_px; rest is RLE rows */
    0x00, 0x01, 0x0F, 0x00, 0x05, 0xFF, 0xFF, 0xFF, 0xFF, 0xFF, 0x00, 0x00,
};

/* sheared rotor frame 0 tilt 7 flipped; 12x1; hub ox=-3 oy=0.
 *   ===========.
 */
unsigned char rotor_s_f0_t07_fe[] = {
    12, 1,  /* width_px, height_px; rest is RLE rows */
    0x00, 0x05, 0xFF, 0xFF, 0xFF, 0xFF, 0xFF, 0x00, 0x01, 0xF0, 0x00, 0x00,
};

unsigned char rotor_s_f0_t07_fo[] = {
    14, 1,  /* width_px, height_px; rest is RLE rows */
    0x00, 0x01, 0x0F, 0x00, 0x05, 0xFF, 0xFF, 0xFF, 0xFF, 0xFF, 0x00, 0x00,
};

/* sheared rotor frame 0 tilt 8 flipped; 12x2; hub ox=-3 oy=0.
 *   ========....
 *   ........===.
 */
unsigned char rotor_s_f0_t08_fe[] = {
    12, 2,  /* width_px, height_px; rest is RLE rows */
    0x00, 0x04, 0xFF, 0xFF, 0xFF, 0xFF, 0x00, 0x00, 0x04, 0x01, 0xFF, 0x00,
    0x01, 0xF0, 0x00, 0x00,
};

unsigned char rotor_s_f0_t08_fo[] = {
    14, 2,  /* width_px, height_px; rest is RLE rows */
    0x00, 0x01, 0x0F, 0x00, 0x03, 0xFF, 0xFF, 0xFF, 0x00, 0x01, 0xF0, 0x00,
    0x00, 0x04, 0x01, 0x0F, 0x00, 0x01, 0xFF, 0x00, 0x00,
};

/* sheared rotor frame 0 tilt 9 flipped; 12x2; hub ox=-3 oy=0.
 *   =======.....
 *   .......====.
 */
unsigned char rotor_s_f0_t09_fe[] = {
    12, 2,  /* width_px, height_px; rest is RLE rows */
    0x00, 0x03, 0xFF, 0xFF, 0xFF, 0x00, 0x01, 0xF0, 0x00, 0x00, 0x03, 0x01,
    0x0F, 0x00, 0x01, 0xFF, 0x00, 0x01, 0xF0, 0x00, 0x00,
};

unsigned char rotor_s_f0_t09_fo[] = {
    14, 2,  /* width_px, height_px; rest is RLE rows */
    0x00, 0x01, 0x0F, 0x00, 0x03, 0xFF, 0xFF, 0xFF, 0x00, 0x00, 0x04, 0x02,
    0xFF, 0xFF, 0x00, 0x00,
};

/* sheared rotor frame 0 tilt 10 flipped; 12x4; hub ox=-3 oy=-1.
 *   =...........
 *   .=====......
 *   ......===...
 *   .........==.
 */
unsigned char rotor_s_f0_t10_fe[] = {
    12, 4,  /* width_px, height_px; rest is RLE rows */
    0x00, 0x01, 0xF0, 0x00, 0x00, 0x00, 0x01, 0x0F, 0x00, 0x02, 0xFF, 0xFF,
    0x00, 0x00, 0x03, 0x01, 0xFF, 0x00, 0x01, 0xF0, 0x00, 0x00, 0x04, 0x01,
    0x0F, 0x00, 0x01, 0xF0, 0x00, 0x00,
};

unsigned char rotor_s_f0_t10_fo[] = {
    14, 4,  /* width_px, height_px; rest is RLE rows */
    0x00, 0x01, 0x0F, 0x00, 0x00, 0x01, 0x02, 0xFF, 0xFF, 0x00, 0x01, 0xF0,
    0x00, 0x00, 0x03, 0x01, 0x0F, 0x00, 0x01, 0xFF, 0x00, 0x00, 0x05, 0x01,
    0xFF, 0x00, 0x00,
};

/* sheared rotor frame 1 tilt 0 flipped; 12x4; hub ox=-9 oy=0.
 *   .......====.
 *   ....===.....
 *   .===........
 *   =...........
 */
unsigned char rotor_s_f1_t00_fe[] = {
    12, 4,  /* width_px, height_px; rest is RLE rows */
    0x03, 0x01, 0x0F, 0x00, 0x01, 0xFF, 0x00, 0x01, 0xF0, 0x00, 0x00, 0x02,
    0x01, 0xFF, 0x00, 0x01, 0xF0, 0x00, 0x00, 0x00, 0x01, 0x0F, 0x00, 0x01,
    0xFF, 0x00, 0x00, 0x00, 0x01, 0xF0, 0x00, 0x00,
};

unsigned char rotor_s_f1_t00_fo[] = {
    14, 4,  /* width_px, height_px; rest is RLE rows */
    0x04, 0x02, 0xFF, 0xFF, 0x00, 0x00, 0x02, 0x01, 0x0F, 0x00, 0x01, 0xFF,
    0x00, 0x00, 0x01, 0x01, 0xFF, 0x00, 0x01, 0xF0, 0x00, 0x00, 0x00, 0x01,
    0x0F, 0x00, 0x00,
};

/* sheared rotor frame 1 tilt 1 flipped; 12x3; hub ox=-9 oy=0.
 *   ......=====.
 *   ..====......
 *   ==..........
 */
unsigned char rotor_s_f1_t01_fe[] = {
    12, 3,  /* width_px, height_px; rest is RLE rows */
    0x03, 0x02, 0xFF, 0xFF, 0x00, 0x01, 0xF0, 0x00, 0x00, 0x01, 0x02, 0xFF,
    0xFF, 0x00, 0x00, 0x00, 0x01, 0xFF, 0x00, 0x00,
};

unsigned char rotor_s_f1_t01_fo[] = {
    14, 3,  /* width_px, height_px; rest is RLE rows */
    0x03, 0x01, 0x0F, 0x00, 0x02, 0xFF, 0xFF, 0x00, 0x00, 0x01, 0x01, 0x0F,
    0x00, 0x01, 0xFF, 0x00, 0x01, 0xF0, 0x00, 0x00, 0x00, 0x01, 0x0F, 0x00,
    0x01, 0xF0, 0x00, 0x00,
};

/* sheared rotor frame 1 tilt 2 flipped; 12x2; hub ox=-9 oy=0.
 *   .....======.
 *   =====.......
 */
unsigned char rotor_s_f1_t02_fe[] = {
    12, 2,  /* width_px, height_px; rest is RLE rows */
    0x02, 0x01, 0x0F, 0x00, 0x02, 0xFF, 0xFF, 0x00, 0x01, 0xF0, 0x00, 0x00,
    0x00, 0x02, 0xFF, 0xFF, 0x00, 0x01, 0xF0, 0x00, 0x00,
};

unsigned char rotor_s_f1_t02_fo[] = {
    14, 2,  /* width_px, height_px; rest is RLE rows */
    0x03, 0x03, 0xFF, 0xFF, 0xFF, 0x00, 0x00, 0x00, 0x01, 0x0F, 0x00, 0x02,
    0xFF, 0xFF, 0x00, 0x00,
};

/* sheared rotor frame 1 tilt 3 flipped; 12x1; hub ox=-9 oy=0.
 *   ===========.
 */
unsigned char rotor_s_f1_t03_fe[] = {
    12, 1,  /* width_px, height_px; rest is RLE rows */
    0x00, 0x05, 0xFF, 0xFF, 0xFF, 0xFF, 0xFF, 0x00, 0x01, 0xF0, 0x00, 0x00,
};

unsigned char rotor_s_f1_t03_fo[] = {
    14, 1,  /* width_px, height_px; rest is RLE rows */
    0x00, 0x01, 0x0F, 0x00, 0x05, 0xFF, 0xFF, 0xFF, 0xFF, 0xFF, 0x00, 0x00,
};

/* sheared rotor frame 1 tilt 4 flipped; 12x1; hub ox=-9 oy=0.
 *   ===========.
 */
unsigned char rotor_s_f1_t04_fe[] = {
    12, 1,  /* width_px, height_px; rest is RLE rows */
    0x00, 0x05, 0xFF, 0xFF, 0xFF, 0xFF, 0xFF, 0x00, 0x01, 0xF0, 0x00, 0x00,
};

unsigned char rotor_s_f1_t04_fo[] = {
    14, 1,  /* width_px, height_px; rest is RLE rows */
    0x00, 0x01, 0x0F, 0x00, 0x05, 0xFF, 0xFF, 0xFF, 0xFF, 0xFF, 0x00, 0x00,
};

/* sheared rotor frame 1 tilt 5 flipped; 12x1; hub ox=-9 oy=0.
 *   ===========.
 */
unsigned char rotor_s_f1_t05_fe[] = {
    12, 1,  /* width_px, height_px; rest is RLE rows */
    0x00, 0x05, 0xFF, 0xFF, 0xFF, 0xFF, 0xFF, 0x00, 0x01, 0xF0, 0x00, 0x00,
};

unsigned char rotor_s_f1_t05_fo[] = {
    14, 1,  /* width_px, height_px; rest is RLE rows */
    0x00, 0x01, 0x0F, 0x00, 0x05, 0xFF, 0xFF, 0xFF, 0xFF, 0xFF, 0x00, 0x00,
};

/* sheared rotor frame 1 tilt 6 flipped; 12x1; hub ox=-9 oy=0.
 *   ===========.
 */
unsigned char rotor_s_f1_t06_fe[] = {
    12, 1,  /* width_px, height_px; rest is RLE rows */
    0x00, 0x05, 0xFF, 0xFF, 0xFF, 0xFF, 0xFF, 0x00, 0x01, 0xF0, 0x00, 0x00,
};

unsigned char rotor_s_f1_t06_fo[] = {
    14, 1,  /* width_px, height_px; rest is RLE rows */
    0x00, 0x01, 0x0F, 0x00, 0x05, 0xFF, 0xFF, 0xFF, 0xFF, 0xFF, 0x00, 0x00,
};

/* sheared rotor frame 1 tilt 7 flipped; 12x1; hub ox=-9 oy=0.
 *   ===========.
 */
unsigned char rotor_s_f1_t07_fe[] = {
    12, 1,  /* width_px, height_px; rest is RLE rows */
    0x00, 0x05, 0xFF, 0xFF, 0xFF, 0xFF, 0xFF, 0x00, 0x01, 0xF0, 0x00, 0x00,
};

unsigned char rotor_s_f1_t07_fo[] = {
    14, 1,  /* width_px, height_px; rest is RLE rows */
    0x00, 0x01, 0x0F, 0x00, 0x05, 0xFF, 0xFF, 0xFF, 0xFF, 0xFF, 0x00, 0x00,
};

/* sheared rotor frame 1 tilt 8 flipped; 12x2; hub ox=-9 oy=-1.
 *   =====.......
 *   .....======.
 */
unsigned char rotor_s_f1_t08_fe[] = {
    12, 2,  /* width_px, height_px; rest is RLE rows */
    0x00, 0x02, 0xFF, 0xFF, 0x00, 0x01, 0xF0, 0x00, 0x00, 0x02, 0x01, 0x0F,
    0x00, 0x02, 0xFF, 0xFF, 0x00, 0x01, 0xF0, 0x00, 0x00,
};

unsigned char rotor_s_f1_t08_fo[] = {
    14, 2,  /* width_px, height_px; rest is RLE rows */
    0x00, 0x01, 0x0F, 0x00, 0x02, 0xFF, 0xFF, 0x00, 0x00, 0x03, 0x03, 0xFF,
    0xFF, 0xFF, 0x00, 0x00,
};

/* sheared rotor frame 1 tilt 9 flipped; 12x3; hub ox=-9 oy=-2.
 *   ==..........
 *   ..====......
 *   ......=====.
 */
unsigned char rotor_s_f1_t09_fe[] = {
    12, 3,  /* width_px, height_px; rest is RLE rows */
    0x00, 0x01, 0xFF, 0x00, 0x00, 0x01, 0x02, 0xFF, 0xFF, 0x00, 0x00, 0x03,
    0x02, 0xFF, 0xFF, 0x00, 0x01, 0xF0, 0x00, 0x00,
};

unsigned char rotor_s_f1_t09_fo[] = {
    14, 3,  /* width_px, height_px; rest is RLE rows */
    0x00, 0x01, 0x0F, 0x00, 0x01, 0xF0, 0x00, 0x00, 0x01, 0x01, 0x0F, 0x00,
    0x01, 0xFF, 0x00, 0x01, 0xF0, 0x00, 0x00, 0x03, 0x01, 0x0F, 0x00, 0x02,
    0xFF, 0xFF, 0x00, 0x00,
};

/* sheared rotor frame 1 tilt 10 flipped; 12x4; hub ox=-9 oy=-3.
 *   =...........
 *   .===........
 *   ....===.....
 *   .......====.
 */
unsigned char rotor_s_f1_t10_fe[] = {
    12, 4,  /* width_px, height_px; rest is RLE rows */
    0x00, 0x01, 0xF0, 0x00, 0x00, 0x00, 0x01, 0x0F, 0x00, 0x01, 0xFF, 0x00,
    0x00, 0x02, 0x01, 0xFF, 0x00, 0x01, 0xF0, 0x00, 0x00, 0x03, 0x01, 0x0F,
    0x00, 0x01, 0xFF, 0x00, 0x01, 0xF0, 0x00, 0x00,
};

unsigned char rotor_s_f1_t10_fo[] = {
    14, 4,  /* width_px, height_px; rest is RLE rows */
    0x00, 0x01, 0x0F, 0x00, 0x00, 0x01, 0x01, 0xFF, 0x00, 0x01, 0xF0, 0x00,
    0x00, 0x02, 0x01, 0x0F, 0x00, 0x01, 0xFF, 0x00, 0x00, 0x04, 0x02, 0xFF,
    0xFF, 0x00, 0x00,
};

/* sheared rotor frame 2 tilt 0 flipped; 22x7; hub ox=-11 oy=-3.
 *   ....................==
 *   .................===..
 *   ..............===.....
 *   .........=====........
 *   ......===.............
 *   ...===................
 *   ===...................
 */
unsigned char rotor_s_f2_t00_fe[] = {
    22, 7,  /* width_px, height_px; rest is RLE rows */
    0x0A, 0x01, 0xFF, 0x00, 0x00, 0x08, 0x01, 0x0F, 0x00, 0x01, 0xFF, 0x00,
    0x00, 0x07, 0x01, 0xFF, 0x00, 0x01, 0xF0, 0x00, 0x00, 0x04, 0x01, 0x0F,
    0x00, 0x02, 0xFF, 0xFF, 0x00, 0x00, 0x03, 0x01, 0xFF, 0x00, 0x01, 0xF0,
    0x00, 0x00, 0x01, 0x01, 0x0F, 0x00, 0x01, 0xFF, 0x00, 0x00, 0x00, 0x01,
    0xFF, 0x00, 0x01, 0xF0, 0x00, 0x00,
};

unsigned char rotor_s_f2_t00_fo[] = {
    24, 7,  /* width_px, height_px; rest is RLE rows */
    0x0A, 0x01, 0x0F, 0x00, 0x01, 0xF0, 0x00, 0x00, 0x09, 0x01, 0xFF, 0x00,
    0x01, 0xF0, 0x00, 0x00, 0x07, 0x01, 0x0F, 0x00, 0x01, 0xFF, 0x00, 0x00,
    0x05, 0x02, 0xFF, 0xFF, 0x00, 0x01, 0xF0, 0x00, 0x00, 0x03, 0x01, 0x0F,
    0x00, 0x01, 0xFF, 0x00, 0x00, 0x02, 0x01, 0xFF, 0x00, 0x01, 0xF0, 0x00,
    0x00, 0x00, 0x01, 0x0F, 0x00, 0x01, 0xFF, 0x00, 0x00,
};

/* sheared rotor frame 2 tilt 1 flipped; 22x5; hub ox=-11 oy=-2.
 *   ...................===
 *   ...............====...
 *   ........=======.......
 *   ....====..............
 *   ====..................
 */
unsigned char rotor_s_f2_t01_fe[] = {
    22, 5,  /* width_px, height_px; rest is RLE rows */
    0x09, 0x01, 0x0F, 0x00, 0x01, 0xFF, 0x00, 0x00, 0x07, 0x01, 0x0F, 0x00,
    0x01, 0xFF, 0x00, 0x01, 0xF0, 0x00, 0x00, 0x04, 0x03, 0xFF, 0xFF, 0xFF,
    0x00, 0x01, 0xF0, 0x00, 0x00, 0x02, 0x02, 0xFF, 0xFF, 0x00, 0x00, 0x00,
    0x02, 0xFF, 0xFF, 0x00, 0x00,
};

unsigned char rotor_s_f2_t01_fo[] = {
    24, 5,  /* width_px, height_px; rest is RLE rows */
    0x0A, 0x01, 0xFF, 0x00, 0x01, 0xF0, 0x00, 0x00, 0x08, 0x02, 0xFF, 0xFF,
    0x00, 0x00, 0x04, 0x01, 0x0F, 0x00, 0x03, 0xFF, 0xFF, 0xFF, 0x00, 0x00,
    0x02, 0x01, 0x0F, 0x00, 0x01, 0xFF, 0x00, 0x01, 0xF0, 0x00, 0x00, 0x00,
    0x01, 0x0F, 0x00, 0x01, 0xFF, 0x00, 0x01, 0xF0, 0x00, 0x00,
};

/* sheared rotor frame 2 tilt 2 flipped; 22x5; hub ox=-11 oy=-2.
 *   .....................=
 *   ................=====.
 *   .......=========......
 *   ..=====...............
 *   ==....................
 */
unsigned char rotor_s_f2_t02_fe[] = {
    22, 5,  /* width_px, height_px; rest is RLE rows */
    0x0A, 0x01, 0x0F, 0x00, 0x00, 0x08, 0x02, 0xFF, 0xFF, 0x00, 0x01, 0xF0,
    0x00, 0x00, 0x03, 0x01, 0x0F, 0x00, 0x04, 0xFF, 0xFF, 0xFF, 0xFF, 0x00,
    0x00, 0x01, 0x02, 0xFF, 0xFF, 0x00, 0x01, 0xF0, 0x00, 0x00, 0x00, 0x01,
    0xFF, 0x00, 0x00,
};

unsigned char rotor_s_f2_t02_fo[] = {
    24, 5,  /* width_px, height_px; rest is RLE rows */
    0x0B, 0x01, 0xF0, 0x00, 0x00, 0x08, 0x01, 0x0F, 0x00, 0x02, 0xFF, 0xFF,
    0x00, 0x00, 0x04, 0x04, 0xFF, 0xFF, 0xFF, 0xFF, 0x00, 0x01, 0xF0, 0x00,
    0x00, 0x01, 0x01, 0x0F, 0x00, 0x02, 0xFF, 0xFF, 0x00, 0x00, 0x00, 0x01,
    0x0F, 0x00, 0x01, 0xF0, 0x00, 0x00,
};

/* sheared rotor frame 2 tilt 3 flipped; 22x3; hub ox=-11 oy=-1.
 *   .....................=
 *   ..===================.
 *   ==....................
 */
unsigned char rotor_s_f2_t03_fe[] = {
    22, 3,  /* width_px, height_px; rest is RLE rows */
    0x0A, 0x01, 0x0F, 0x00, 0x00, 0x01, 0x09, 0xFF, 0xFF, 0xFF, 0xFF, 0xFF,
    0xFF, 0xFF, 0xFF, 0xFF, 0x00, 0x01, 0xF0, 0x00, 0x00, 0x00, 0x01, 0xFF,
    0x00, 0x00,
};

unsigned char rotor_s_f2_t03_fo[] = {
    24, 3,  /* width_px, height_px; rest is RLE rows */
    0x0B, 0x01, 0xF0, 0x00, 0x00, 0x01, 0x01, 0x0F, 0x00, 0x09, 0xFF, 0xFF,
    0xFF, 0xFF, 0xFF, 0xFF, 0xFF, 0xFF, 0xFF, 0x00, 0x00, 0x00, 0x01, 0x0F,
    0x00, 0x01, 0xF0, 0x00, 0x00,
};

/* sheared rotor frame 2 tilt 4 flipped; 22x1; hub ox=-11 oy=0.
 *   ======================
 */
unsigned char rotor_s_f2_t04_fe[] = {
    22, 1,  /* width_px, height_px; rest is RLE rows */
    0x00, 0x0B, 0xFF, 0xFF, 0xFF, 0xFF, 0xFF, 0xFF, 0xFF, 0xFF, 0xFF, 0xFF,
    0xFF, 0x00, 0x00,
};

unsigned char rotor_s_f2_t04_fo[] = {
    24, 1,  /* width_px, height_px; rest is RLE rows */
    0x00, 0x01, 0x0F, 0x00, 0x0A, 0xFF, 0xFF, 0xFF, 0xFF, 0xFF, 0xFF, 0xFF,
    0xFF, 0xFF, 0xFF, 0x00, 0x01, 0xF0, 0x00, 0x00,
};

/* sheared rotor frame 2 tilt 5 flipped; 22x1; hub ox=-11 oy=0.
 *   ======================
 */
unsigned char rotor_s_f2_t05_fe[] = {
    22, 1,  /* width_px, height_px; rest is RLE rows */
    0x00, 0x0B, 0xFF, 0xFF, 0xFF, 0xFF, 0xFF, 0xFF, 0xFF, 0xFF, 0xFF, 0xFF,
    0xFF, 0x00, 0x00,
};

unsigned char rotor_s_f2_t05_fo[] = {
    24, 1,  /* width_px, height_px; rest is RLE rows */
    0x00, 0x01, 0x0F, 0x00, 0x0A, 0xFF, 0xFF, 0xFF, 0xFF, 0xFF, 0xFF, 0xFF,
    0xFF, 0xFF, 0xFF, 0x00, 0x01, 0xF0, 0x00, 0x00,
};

/* sheared rotor frame 2 tilt 6 flipped; 22x1; hub ox=-11 oy=0.
 *   ======================
 */
unsigned char rotor_s_f2_t06_fe[] = {
    22, 1,  /* width_px, height_px; rest is RLE rows */
    0x00, 0x0B, 0xFF, 0xFF, 0xFF, 0xFF, 0xFF, 0xFF, 0xFF, 0xFF, 0xFF, 0xFF,
    0xFF, 0x00, 0x00,
};

unsigned char rotor_s_f2_t06_fo[] = {
    24, 1,  /* width_px, height_px; rest is RLE rows */
    0x00, 0x01, 0x0F, 0x00, 0x0A, 0xFF, 0xFF, 0xFF, 0xFF, 0xFF, 0xFF, 0xFF,
    0xFF, 0xFF, 0xFF, 0x00, 0x01, 0xF0, 0x00, 0x00,
};

/* sheared rotor frame 2 tilt 7 flipped; 22x3; hub ox=-11 oy=-1.
 *   ==....................
 *   ..===================.
 *   .....................=
 */
unsigned char rotor_s_f2_t07_fe[] = {
    22, 3,  /* width_px, height_px; rest is RLE rows */
    0x00, 0x01, 0xFF, 0x00, 0x00, 0x01, 0x09, 0xFF, 0xFF, 0xFF, 0xFF, 0xFF,
    0xFF, 0xFF, 0xFF, 0xFF, 0x00, 0x01, 0xF0, 0x00, 0x00, 0x0A, 0x01, 0x0F,
    0x00, 0x00,
};

unsigned char rotor_s_f2_t07_fo[] = {
    24, 3,  /* width_px, height_px; rest is RLE rows */
    0x00, 0x01, 0x0F, 0x00, 0x01, 0xF0, 0x00, 0x00, 0x01, 0x01, 0x0F, 0x00,
    0x09, 0xFF, 0xFF, 0xFF, 0xFF, 0xFF, 0xFF, 0xFF, 0xFF, 0xFF, 0x00, 0x00,
    0x0B, 0x01, 0xF0, 0x00, 0x00,
};

/* sheared rotor frame 2 tilt 8 flipped; 22x5; hub ox=-11 oy=-2.
 *   ==....................
 *   ..=====...............
 *   .......=========......
 *   ................=====.
 *   .....................=
 */
unsigned char rotor_s_f2_t08_fe[] = {
    22, 5,  /* width_px, height_px; rest is RLE rows */
    0x00, 0x01, 0xFF, 0x00, 0x00, 0x01, 0x02, 0xFF, 0xFF, 0x00, 0x01, 0xF0,
    0x00, 0x00, 0x03, 0x01, 0x0F, 0x00, 0x04, 0xFF, 0xFF, 0xFF, 0xFF, 0x00,
    0x00, 0x08, 0x02, 0xFF, 0xFF, 0x00, 0x01, 0xF0, 0x00, 0x00, 0x0A, 0x01,
    0x0F, 0x00, 0x00,
};

unsigned char rotor_s_f2_t08_fo[] = {
    24, 5,  /* width_px, height_px; rest is RLE rows */
    0x00, 0x01, 0x0F, 0x00, 0x01, 0xF0, 0x00, 0x00, 0x01, 0x01, 0x0F, 0x00,
    0x02, 0xFF, 0xFF, 0x00, 0x00, 0x04, 0x04, 0xFF, 0xFF, 0xFF, 0xFF, 0x00,
    0x01, 0xF0, 0x00, 0x00, 0x08, 0x01, 0x0F, 0x00, 0x02, 0xFF, 0xFF, 0x00,
    0x00, 0x0B, 0x01, 0xF0, 0x00, 0x00,
};

/* sheared rotor frame 2 tilt 9 flipped; 22x5; hub ox=-11 oy=-2.
 *   ====..................
 *   ....====..............
 *   ........=======.......
 *   ...............====...
 *   ...................===
 */
unsigned char rotor_s_f2_t09_fe[] = {
    22, 5,  /* width_px, height_px; rest is RLE rows */
    0x00, 0x02, 0xFF, 0xFF, 0x00, 0x00, 0x02, 0x02, 0xFF, 0xFF, 0x00, 0x00,
    0x04, 0x03, 0xFF, 0xFF, 0xFF, 0x00, 0x01, 0xF0, 0x00, 0x00, 0x07, 0x01,
    0x0F, 0x00, 0x01, 0xFF, 0x00, 0x01, 0xF0, 0x00, 0x00, 0x09, 0x01, 0x0F,
    0x00, 0x01, 0xFF, 0x00, 0x00,
};

unsigned char rotor_s_f2_t09_fo[] = {
    24, 5,  /* width_px, height_px; rest is RLE rows */
    0x00, 0x01, 0x0F, 0x00, 0x01, 0xFF, 0x00, 0x01, 0xF0, 0x00, 0x00, 0x02,
    0x01, 0x0F, 0x00, 0x01, 0xFF, 0x00, 0x01, 0xF0, 0x00, 0x00, 0x04, 0x01,
    0x0F, 0x00, 0x03, 0xFF, 0xFF, 0xFF, 0x00, 0x00, 0x08, 0x02, 0xFF, 0xFF,
    0x00, 0x00, 0x0A, 0x01, 0xFF, 0x00, 0x01, 0xF0, 0x00, 0x00,
};

/* sheared rotor frame 2 tilt 10 flipped; 22x7; hub ox=-11 oy=-3.
 *   ===...................
 *   ...===................
 *   ......===.............
 *   .........=====........
 *   ..............===.....
 *   .................===..
 *   ....................==
 */
unsigned char rotor_s_f2_t10_fe[] = {
    22, 7,  /* width_px, height_px; rest is RLE rows */
    0x00, 0x01, 0xFF, 0x00, 0x01, 0xF0, 0x00, 0x00, 0x01, 0x01, 0x0F, 0x00,
    0x01, 0xFF, 0x00, 0x00, 0x03, 0x01, 0xFF, 0x00, 0x01, 0xF0, 0x00, 0x00,
    0x04, 0x01, 0x0F, 0x00, 0x02, 0xFF, 0xFF, 0x00, 0x00, 0x07, 0x01, 0xFF,
    0x00, 0x01, 0xF0, 0x00, 0x00, 0x08, 0x01, 0x0F, 0x00, 0x01, 0xFF, 0x00,
    0x00, 0x0A, 0x01, 0xFF, 0x00, 0x00,
};

unsigned char rotor_s_f2_t10_fo[] = {
    24, 7,  /* width_px, height_px; rest is RLE rows */
    0x00, 0x01, 0x0F, 0x00, 0x01, 0xFF, 0x00, 0x00, 0x02, 0x01, 0xFF, 0x00,
    0x01, 0xF0, 0x00, 0x00, 0x03, 0x01, 0x0F, 0x00, 0x01, 0xFF, 0x00, 0x00,
    0x05, 0x02, 0xFF, 0xFF, 0x00, 0x01, 0xF0, 0x00, 0x00, 0x07, 0x01, 0x0F,
    0x00, 0x01, 0xFF, 0x00, 0x00, 0x09, 0x01, 0xFF, 0x00, 0x01, 0xF0, 0x00,
    0x00, 0x0A, 0x01, 0x0F, 0x00, 0x01, 0xF0, 0x00, 0x00,
};

unsigned char *rotor_tilt_e[3][11] = {
    { rotor_s_f0_t00_e, rotor_s_f0_t01_e, rotor_s_f0_t02_e, rotor_s_f0_t03_e, rotor_s_f0_t04_e, rotor_s_f0_t05_e, rotor_s_f0_t06_e, rotor_s_f0_t07_e, rotor_s_f0_t08_e, rotor_s_f0_t09_e, rotor_s_f0_t10_e },
    { rotor_s_f1_t00_e, rotor_s_f1_t01_e, rotor_s_f1_t02_e, rotor_s_f1_t03_e, rotor_s_f1_t04_e, rotor_s_f1_t05_e, rotor_s_f1_t06_e, rotor_s_f1_t07_e, rotor_s_f1_t08_e, rotor_s_f1_t09_e, rotor_s_f1_t10_e },
    { rotor_s_f2_t00_e, rotor_s_f2_t01_e, rotor_s_f2_t02_e, rotor_s_f2_t03_e, rotor_s_f2_t04_e, rotor_s_f2_t05_e, rotor_s_f2_t06_e, rotor_s_f2_t07_e, rotor_s_f2_t08_e, rotor_s_f2_t09_e, rotor_s_f2_t10_e }
};
unsigned char *rotor_tilt_o[3][11] = {
    { rotor_s_f0_t00_o, rotor_s_f0_t01_o, rotor_s_f0_t02_o, rotor_s_f0_t03_o, rotor_s_f0_t04_o, rotor_s_f0_t05_o, rotor_s_f0_t06_o, rotor_s_f0_t07_o, rotor_s_f0_t08_o, rotor_s_f0_t09_o, rotor_s_f0_t10_o },
    { rotor_s_f1_t00_o, rotor_s_f1_t01_o, rotor_s_f1_t02_o, rotor_s_f1_t03_o, rotor_s_f1_t04_o, rotor_s_f1_t05_o, rotor_s_f1_t06_o, rotor_s_f1_t07_o, rotor_s_f1_t08_o, rotor_s_f1_t09_o, rotor_s_f1_t10_o },
    { rotor_s_f2_t00_o, rotor_s_f2_t01_o, rotor_s_f2_t02_o, rotor_s_f2_t03_o, rotor_s_f2_t04_o, rotor_s_f2_t05_o, rotor_s_f2_t06_o, rotor_s_f2_t07_o, rotor_s_f2_t08_o, rotor_s_f2_t09_o, rotor_s_f2_t10_o }
};
unsigned char *rotor_tilt_fe[3][11] = {
    { rotor_s_f0_t00_fe, rotor_s_f0_t01_fe, rotor_s_f0_t02_fe, rotor_s_f0_t03_fe, rotor_s_f0_t04_fe, rotor_s_f0_t05_fe, rotor_s_f0_t06_fe, rotor_s_f0_t07_fe, rotor_s_f0_t08_fe, rotor_s_f0_t09_fe, rotor_s_f0_t10_fe },
    { rotor_s_f1_t00_fe, rotor_s_f1_t01_fe, rotor_s_f1_t02_fe, rotor_s_f1_t03_fe, rotor_s_f1_t04_fe, rotor_s_f1_t05_fe, rotor_s_f1_t06_fe, rotor_s_f1_t07_fe, rotor_s_f1_t08_fe, rotor_s_f1_t09_fe, rotor_s_f1_t10_fe },
    { rotor_s_f2_t00_fe, rotor_s_f2_t01_fe, rotor_s_f2_t02_fe, rotor_s_f2_t03_fe, rotor_s_f2_t04_fe, rotor_s_f2_t05_fe, rotor_s_f2_t06_fe, rotor_s_f2_t07_fe, rotor_s_f2_t08_fe, rotor_s_f2_t09_fe, rotor_s_f2_t10_fe }
};
unsigned char *rotor_tilt_fo[3][11] = {
    { rotor_s_f0_t00_fo, rotor_s_f0_t01_fo, rotor_s_f0_t02_fo, rotor_s_f0_t03_fo, rotor_s_f0_t04_fo, rotor_s_f0_t05_fo, rotor_s_f0_t06_fo, rotor_s_f0_t07_fo, rotor_s_f0_t08_fo, rotor_s_f0_t09_fo, rotor_s_f0_t10_fo },
    { rotor_s_f1_t00_fo, rotor_s_f1_t01_fo, rotor_s_f1_t02_fo, rotor_s_f1_t03_fo, rotor_s_f1_t04_fo, rotor_s_f1_t05_fo, rotor_s_f1_t06_fo, rotor_s_f1_t07_fo, rotor_s_f1_t08_fo, rotor_s_f1_t09_fo, rotor_s_f1_t10_fo },
    { rotor_s_f2_t00_fo, rotor_s_f2_t01_fo, rotor_s_f2_t02_fo, rotor_s_f2_t03_fo, rotor_s_f2_t04_fo, rotor_s_f2_t05_fo, rotor_s_f2_t06_fo, rotor_s_f2_t07_fo, rotor_s_f2_t08_fo, rotor_s_f2_t09_fo, rotor_s_f2_t10_fo }
};
signed char rotor_tilt_ox[3][11] = {
    { -8, -8, -8, -8, -8, -8, -8, -8, -8, -8, -8 },
    { -2, -2, -2, -2, -2, -2, -2, -2, -2, -2, -2 },
    { -11, -11, -11, -11, -11, -11, -11, -11, -11, -11, -11 }
};
signed char rotor_tilt_oy[3][11] = {
    { -2, -2, -1, 0, 0, 0, 0, 0, 0, 0, 0 },
    { 0, 0, 0, 0, 0, 0, 0, 0, -1, -2, -2 },
    { -3, -2, -2, -1, 0, 0, 0, -1, -2, -2, -3 }
};
signed char rotor_tilt_fox[3][11] = {
    { -3, -3, -3, -3, -3, -3, -3, -3, -3, -3, -3 },
    { -9, -9, -9, -9, -9, -9, -9, -9, -9, -9, -9 },
    { -11, -11, -11, -11, -11, -11, -11, -11, -11, -11, -11 }
};
signed char rotor_tilt_foy[3][11] = {
    { -2, -1, -1, 0, 0, 0, 0, 0, 0, 0, -1 },
    { 0, 0, 0, 0, 0, 0, 0, 0, -1, -2, -3 },
    { -3, -2, -2, -1, 0, 0, 0, -1, -2, -2, -3 }
};
